HALTESTELLEN_NAME,BPUIC,lat,lon,PRODUKT_ID,avg_trip_day,avg_p_late
"Adlikon b. R., Ziegelhütte",8576281,47.45263600000109,8.466078000000143,Bus,57.65573770491803,0.35651600753295665
Adlikon bei Regensdorf,8576253,47.448162000000444,8.466468999999964,Bus,57.65573770491803,0.246045197740113
Adliswil,8503096,47.31230399999926,8.524164000000221,Zug,142.327868852459,0.2643509688964236
"Adliswil, Ahornweg",8590476,47.318791999998766,8.534389000000193,Bus,94.85245901639344,0.3661181750186987
"Adliswil, Badstrasse",8590463,47.313598000000525,8.533806000000041,Bus,70.75409836065573,0.2791448516579406
"Adliswil, Bahnhof",8590464,47.31178099999879,8.524311999999737,Bus,204.40983606557376,0.34902414037515067
"Adliswil, Baumgartenweg",8590465,47.3096010000007,8.525616999999974,Bus,52.14754098360656,0.3806388132001204
"Adliswil, Büchel",8590467,47.30110599999942,8.522098000000073,Bus,52.032786885245905,0.3215048840048834
"Adliswil, Eichenweg",8590468,47.320004000000644,8.533686000000046,Bus,70.75409836065573,0.37301936619718284
"Adliswil, Friedhof",8590470,47.306881999999305,8.529635000000019,Bus,52.032786885245905,0.4104853479853478
"Adliswil, Grundstrasse",8595717,47.31294999999958,8.530050000000003,Bus,36.39344262295082,0.38261883931175267
"Adliswil, Grüt",8590472,47.3221179999986,8.528926999999994,Bus,70.91803278688525,0.4311499272197962
"Adliswil, Hofackerstrasse",8590473,47.315135999999214,8.535769000000064,Bus,94.85245901639344,0.3279772292861299
"Adliswil, Krone",8590474,47.31308100000021,8.527645000000083,Bus,70.91803278688525,0.3183988355167394
"Adliswil, Landolt-Junker-Str.",8590475,47.30334500000023,8.522262999999995,Bus,104.18032786885246,0.42456100514683653
"Adliswil, Moos",8590477,47.32545299999942,8.531046000000051,Bus,70.75409836065573,0.3956279342723002
"Adliswil, Rifertstrasse",8590480,47.30994700000103,8.531826999999991,Bus,81.26229508196721,0.4078124999999988
"Adliswil, Rütistrasse/Wacht",8590481,47.30702000000018,8.532203000000013,Bus,52.032786885245905,0.2276404151404157
"Adliswil, Schulhaus Kopfholz",8590482,47.30879799999875,8.534448000000184,Bus,110.57377049180327,0.31089409722222144
"Adliswil, Tiefacker",8590484,47.31656700000112,8.530018000000053,Bus,70.91803278688525,0.31605531295487627
"Adliswil, Tobelhof",8590485,47.309196000000235,8.52847800000013,Bus,52.032786885245905,0.4176587301587303
"Adliswil, Wanneten-/Haldenstr.",8590486,47.30591499999933,8.522473000000108,Bus,104.18032786885246,0.33526339691189877
Baltenswil,8588313,47.43091399999892,8.640530999999848,Bus,111.29508196721312,0.3214663970729827
Bassersdorf,8503307,47.43856399999829,8.626199000000145,Zug,156.91803278688525,0.295888448724662
"Bassersdorf, Bahnhof",8503700,47.43871799999926,8.626136000000093,Bus,160.0655737704918,0.24570891994697566
"Bassersdorf, Bächli",8588317,47.43892500000054,8.635739999999863,Bus,111.29508196721312,0.3582081648372807
"Bassersdorf, Chlupfgasse",8590503,47.444624999998624,8.624624000000036,Bus,119.68852459016394,0.3685213071596419
"Bassersdorf, Dietlikonerstr.",8588316,47.441464000001204,8.629365999999886,Bus,149.31147540983608,0.4074747831337615
"Bassersdorf, Gemeindehaus",8576161,47.44355399999934,8.629068000000144,Bus,44.39344262295082,0.41039068994181194
"Bassersdorf, Löwen",8576160,47.44358199999989,8.628126999999953,Bus,59.80327868852459,0.1945808531746032
"Bassersdorf, Schmitte",8576159,47.44294500000083,8.628763000000047,Bus,104.44262295081967,0.32595457578969483
"Bassersdorf, Sportanlage",8596100,47.44446100000004,8.610711000000022,Bus,137.88888888888889,0.3844454156954158
"Bassersdorf, Talgüetli",8576158,47.44509899999892,8.620483999999871,Bus,119.68852459016394,0.39602569060504866
"Benglen, Bodenacher",8591825,47.36113099999946,8.638612999999884,Bus,94.65573770491804,0.259918296723852
"Benglen, Gerlisbrunnen",8590504,47.36108399999852,8.633608000000084,Bus,191.54098360655738,0.23266273741019278
"Benglen, Langwis",8594249,47.361408999999995,8.630013999999939,Bus,24.0,0.3675213675213677
"Binz bei Maur, Bautacher",8594250,47.357711000000286,8.630063999999956,Bus,27.613636363636363,0.341954022988506
"Binz bei Maur, Fridlimatt",8590505,47.35893100000082,8.625153000000156,Bus,117.42622950819673,0.30436341390587046
"Binz bei Maur, Post",8591826,47.35709399999944,8.627972000000183,Bus,117.40983606557377,0.29809796303824304
Birmensdorf ZH,8502221,47.35743199999887,8.437543000000003,Zug,144.81967213114754,0.121391196141963
"Birmensdorf ZH, Bahnhof",8573718,47.35694499999967,8.438804999999833,Bus,33.98076923076923,0.22156762295081991
"Birmensdorf ZH, Landikon Bach",8503551,47.352291999999714,8.461695999999993,Bus,21.613636363636363,0.265951595159516
"Birmensdorf ZH, Landikon Dorf",8583731,47.35278300000012,8.461096000000005,Bus,37.55769230769231,0.49906079234972683
"Birmensdorf ZH, Obere Risi",8503579,47.3594580000003,8.45079299999998,Bus,21.613636363636363,0.30720572057205714
"Birmensdorf ZH, Ristet",8583214,47.36572399999963,8.42941100000005,Bus,36.63636363636363,0.3693055555555556
"Birmensdorf ZH, Sternen/WSL",8503578,47.36009299999974,8.456271999999943,Bus,21.613636363636363,0.3072057205720572
"Birmensdorf ZH, Weissenbrunnen",8582752,47.356073000000556,8.445963000000077,Bus,37.55769230769231,0.4867657103825137
"Birmensdorf ZH, Zentrum",8502950,47.35393599999965,8.437173000000083,Bus,18.692307692307693,0.33281573498964806
"Bonstetten, Lärchenhof",8573730,47.32423900000052,8.472429000000062,Bus,23.98076923076923,0.25262368815592207
"Bonstetten, Sunnenberg",8579991,47.3124470000002,8.473391000000118,Bus,23.98076923076923,0.3884307846076962
Bonstetten-Wettswil,8502222,47.32589600000063,8.468174999999976,Zug,144.54098360655738,0.27297055790153946
"Bonstetten-Wettswil, Bahnhof",8573726,47.32629799999996,8.468500000000114,Bus,85.72131147540983,0.25220222949230514
"Brüttisellen, Gsellhof",8590507,47.421708000000976,8.629667000000104,Bus,57.98360655737705,0.5542964756524078
"Brüttisellen, Haldenbrücke",8590508,47.41881200000069,8.631365000000129,Bus,57.98360655737705,0.5343906376109766
"Brüttisellen, Obere Wangenstr.",8588318,47.42581899999848,8.634847999999835,Bus,233.47540983606558,0.28310876625393516
"Brüttisellen, Zentrum",8588319,47.42384699999872,8.630694999999868,Bus,235.1639344262295,0.40425981743757194
"Dietikon, Birmensdorferstrasse",8590512,47.39757799999851,8.41739199999997,Bus,177.81967213114754,0.305288188125838
"Dietikon, Hofacker",8590517,47.398256000000366,8.41166800000005,Bus,151.37704918032787,0.3441317504128448
"Dietikon, Schönenwerd",8590526,47.39717499999876,8.424656999999753,Bus,74.55737704918033,0.4061272475795297
Dietlikon,8503306,47.42019499999917,8.61925499999977,Zug,204.21311475409837,0.38871619440584915
"Dietlikon, Aegert",8590538,47.41206799999953,8.621433999999978,Bus,86.0,0.34536201491272633
"Dietlikon, Bahnhof",8588314,47.42035900000116,8.619086999999894,Bus,86.0,0.23956038524543863
"Dietlikon, Bahnhof/Bad",8590539,47.4219599999997,8.620804999999939,Bus,208.60655737704917,0.2152171761095917
"Dietlikon, Brandbachstrasse",8590540,47.416964999998875,8.624657000000147,Bus,122.18032786885246,0.3124081712008222
"Dietlikon, Dornenstrasse",8590541,47.41658499999945,8.61689600000012,Bus,86.0,0.25749872902897786
"Dietlikon, Dübendorferstrasse",8590542,47.41350899999981,8.619558000000172,Bus,208.18032786885246,0.32018051218105265
"Dietlikon, Hofwiesen",8590543,47.426391000000734,8.61851800000004,Bus,42.622950819672134,0.310762331838565
"Dietlikon, Hörnligraben",8590544,47.41213900000002,8.614545000000184,Bus,122.18032786885246,0.4001308864169758
"Dietlikon, Industriestrasse",8590545,47.414249000000844,8.621946000000008,Bus,122.18032786885246,0.3404001583135442
"Dietlikon, Zentrum",8595081,47.423011999999424,8.618243999999947,Bus,86.0,0.3540992345930069
Dübendorf,8503128,47.40007599999953,8.623406999999792,Zug,158.672131147541,0.36176295160190813
"Dübendorf, Alterszentrum",8590547,47.38790899999903,8.62039399999976,Bus,128.37704918032787,0.27624365440022003
"Dübendorf, Bahnhof",8587653,47.39973099999938,8.623637000000022,Bus,296.8360655737705,0.3451119819373645
"Dübendorf, Bauhof",8590549,47.39481499999969,8.6345760000002,Bus,88.14754098360656,0.495623157719932
"Dübendorf, Bettlistrasse",8590550,47.3970479999993,8.625618000000028,Bus,236.18032786885246,0.48605212850539736
"Dübendorf, Branzenäsch",8590551,47.39466199999921,8.631154999999847,Bus,91.04918032786885,0.37472192285687683
"Dübendorf, Breitibach",8590552,47.3957200000004,8.605875999999798,Bus,381.8688524590164,0.38504834842471786
"Dübendorf, Chriesmatt",8590553,47.40547199999908,8.625196000000104,Bus,86.0,0.4007629356606225
"Dübendorf, City Center",8590554,47.396997999998625,8.616489,Bus,182.9672131147541,0.3559753652144952
"Dübendorf, Claridenstrasse",8590555,47.39487599999897,8.628708999999974,Bus,91.04918032786885,0.3626465227051981
"Dübendorf, EMPA",8590557,47.40187099999933,8.611442999999852,Bus,104.98076923076923,0.38174814251941913
"Dübendorf, Gfenn",8590559,47.39307099999911,8.647466000000174,Bus,44.21311475409836,0.343659104130308
"Dübendorf, Giessen",8590561,47.40215200000081,8.607659999999807,Tram,153.55737704918033,0.29875738686570713
"Dübendorf, Glärnischstrasse",8590562,47.396239000000996,8.62993199999987,Bus,88.14754098360656,0.5478608793124922
"Dübendorf, Grüzenstrasse",8590563,47.391287999999406,8.617158000000016,Bus,56.98360655737705,0.3200891265597148
"Dübendorf, Heidenrietstrasse",8590565,47.39429199999928,8.652011000000092,Bus,44.21311475409836,0.40059627690517724
"Dübendorf, Hochbord Nord",8594261,47.40114199999976,8.601689000000064,Bus,104.98076923076923,0.39912191827085436
"Dübendorf, Hochbord Süd",8594261,47.40114199999976,8.601689000000064,Bus,104.98076923076923,0.16655637875717663
"Dübendorf, Hoffnung",8590566,47.396085000000284,8.599180999999769,Bus,466.37704918032784,0.425816668950502
"Dübendorf, Högler",8590567,47.39178099999895,8.614718000000037,Bus,198.9016393442623,0.3541117107622157
"Dübendorf, Im Grund",8590568,47.401555999999175,8.617583999999807,Bus,86.0,0.30235588600802116
"Dübendorf, Kirche Wil",8590570,47.38933499999986,8.618201,Bus,255.88524590163934,0.3385392094762111
"Dübendorf, Kreuzbühl",8590571,47.38814899999919,8.621511999999905,Bus,56.295081967213115,0.38977230309817096
"Dübendorf, Kunsteisbahn",8590573,47.38921600000114,8.628914000000092,Bus,46.26229508196721,0.3352209172259507
"Dübendorf, Kämmaten",8590569,47.389490000000876,8.59665299999994,Bus,85.50819672131148,0.3713645114823124
"Dübendorf, Lindenbühl",8590574,47.394906000000915,8.645746000000107,Bus,88.14754098360656,0.39191887740274856
"Dübendorf, Lindenplatz",8590575,47.39850599999934,8.620297999999863,Bus,358.4590163934426,0.4154856527070751
"Dübendorf, Meiershofstrasse",8590576,47.39670299999902,8.613607999999829,Bus,182.9672131147541,0.4057044103239752
"Dübendorf, Memphis",8590577,47.39992299999931,8.616315000000025,Bus,175.49180327868854,0.31006537938778367
"Dübendorf, Post",8590580,47.39616599999936,8.61690799999997,Bus,50.08196721311475,0.39645653069633296
"Dübendorf, Raubbühl",8590581,47.39155600000063,8.634873999999977,Bus,91.04918032786885,0.4157891935762851
"Dübendorf, Ringwiesen",8590583,47.3975359999987,8.604219999999904,Tram,153.55737704918033,0.13064209904869245
"Dübendorf, Schossacher",8590584,47.394891000001365,8.640234000000234,Bus,88.14754098360656,0.5433802466060531
"Dübendorf, Schwimmbad",8590586,47.39651600000054,8.623155000000168,Bus,56.98360655737705,0.4055436720142603
"Dübendorf, Sonnenberg",8590587,47.39305600000066,8.63337099999991,Bus,91.04918032786885,0.41291528625979596
"Dübendorf, Sonnental",8590588,47.39543699999935,8.603657999999998,Bus,424.62295081967216,0.48388660135741624
"Dübendorf, Stadthaus",8590589,47.39689000000052,8.620023999999892,Bus,50.08196721311475,0.3635970333745364
"Dübendorf, Sunnhalde",8590590,47.39053699999944,8.632467000000005,Bus,91.0327868852459,0.3444148405380593
"Dübendorf, Unterdorf",8590591,47.39867100000083,8.618274999999999,Bus,175.49180327868854,0.45346950843274364
"Dübendorf, Wasserfurren",8590592,47.39429499999876,8.610679999999821,Bus,198.9016393442623,0.3954857065710653
"Dübendorf, Zelglistrasse",8590593,47.393929999999024,8.617468000000152,Bus,56.98360655737705,0.4024777183600713
"Dübendorf, Zwinggarten",8590594,47.40427800000124,8.619710999999992,Bus,86.0,0.29029331186804486
"Ebmatingen, Dorf",8591828,47.35139099999848,8.641000999999964,Bus,137.327868852459,0.28730091156406934
"Ebmatingen, Leeacherstrasse",8590596,47.35476999999958,8.634393000000143,Bus,137.31147540983608,0.29257877144176436
"Ebmatingen, Looren",8590597,47.340703000001156,8.652312999999975,Bus,73.88524590163935,0.2848770868111257
Erlenbach ZH,8503102,47.30578599999895,8.591503999999988,Zug,150.86885245901638,0.13892466465995873
"Erlenbach ZH, Allmend",8588205,47.30630299999988,8.60533599999986,Bus,19.147540983606557,0.4868270332187858
"Erlenbach ZH, Alterswohnheim",8587964,47.30729099999969,8.59476400000016,Bus,37.77049180327869,0.45304761904761914
"Erlenbach ZH, Bahnhof",8587965,47.305814999999754,8.59124100000007,Bus,38.40983606557377,0.3369491525423728
"Erlenbach ZH, Bahnhofstrasse",8587966,47.303790000000255,8.591341999999909,Bus,38.40983606557377,0.3440866290018834
"Erlenbach ZH, Chapf",8587968,47.30787599999949,8.609034000000053,Bus,37.77049180327869,0.3916190476190473
"Erlenbach ZH, Erlenhöhe",8587969,47.3059999999996,8.602393000000074,Bus,37.77049180327869,0.3854285714285713
"Erlenbach ZH, Föhrenstrasse",8587970,47.30708800000071,8.60785200000008,Bus,37.77049180327869,0.2781904761904763
"Erlenbach ZH, Im Loo",8587971,47.304918999999806,8.59362799999986,Bus,37.77049180327869,0.4019999999999998
"Erlenbach ZH, Im Vogelsang",8587973,47.30577899999988,8.596634999999925,Bus,37.77049180327869,0.5822857142857143
"Erlenbach ZH, Rankstrasse",8587976,47.307626000000916,8.597324000000102,Bus,37.77049180327869,0.5111428571428572
"Erlenbach ZH, Rebstrasse",8587977,47.29912099999928,8.602189999999847,Bus,38.50819672131148,0.37960399846212983
"Erlenbach ZH, Sandfelsenstr.",8587978,47.307256000000045,8.600105999999917,Bus,37.77049180327869,0.48028571428571426
"Erlenbach ZH, Schulhaus",8587979,47.30235700000034,8.597896999999882,Bus,38.50819672131148,0.43487120338331386
"Erlenbach ZH, Schützenhaus",8587980,47.307182999999874,8.613502000000103,Bus,19.147540983606557,0.3373424971363116
"Erlenbach ZH,Kirchgemeindehaus",8587974,47.302790000000854,8.593316999999892,Bus,39.049180327868854,0.24019607843137267
Friesenberg,8503052,47.364780999998636,8.507942000000142,Zug,144.27868852459017,0.2969007699950321
"Fällanden, Bruggacher",8590604,47.37453200000112,8.63361799999988,Bus,142.60655737704917,0.2951443554326089
"Fällanden, Eggler",8590605,47.37158800000129,8.634717000000133,Bus,180.21311475409837,0.3277708752191341
"Fällanden, Gemeindehaus",8590606,47.37180999999878,8.64016400000021,Bus,271.78688524590166,0.3339053748607464
"Fällanden, Industrie",8590607,47.37612000000068,8.644352999999821,Bus,165.9344262295082,0.2818896021014782
"Fällanden, Jugendherberge",8590608,47.359714999999234,8.653594000000153,Bus,57.442622950819676,0.3536363636363637
"Fällanden, Neuhus",8590609,47.36851100000047,8.645135000000074,Bus,66.65573770491804,0.22074915824915825
"Fällanden, Schützenhaus",8590610,47.36862500000089,8.63247899999991,Bus,180.27868852459017,0.2600558076893125
"Fällanden, Wigarten",8590611,47.371007000001065,8.642171999999881,Bus,109.06557377049181,0.3061019992838172
"Fällanden, Zil",8590612,47.37224699999945,8.636215000000265,Bus,142.60655737704917,0.3458406076960028
Glanzenberg,8503512,47.39887499999931,8.420422999999737,Zug,157.672131147541,0.5424130827135277
"Glanzenberg, Bahnhof",8590619,47.39871100000113,8.419584999999817,Bus,74.55737704918033,0.361673582295989
Glattbrugg,8503310,47.430826000001524,8.558832000000088,Zug,160.18032786885246,0.2993333565007877
"Glattbrugg, Bahnhof",8590620,47.43056900000045,8.559356999999787,"Bus, Tram",847.1475409836065,0.3189243753157722
"Glattbrugg, Frohbühlstrasse",8590621,47.42809700000155,8.557355999999928,Bus,223.50819672131146,0.4174098893914728
"Glattbrugg, Glatthof",8587654,47.43450899999924,8.567632000000087,Bus,75.49180327868852,0.4241149887019835
"Glattbrugg, Halden",8590623,47.42809400000029,8.569644000000011,Bus,20.636363636363637,0.31408140814081403
"Glattbrugg, Lindberghplatz",8590626,47.425205999999896,8.560503000000004,Tram,380.9836065573771,0.23157386347175749
"Glattbrugg, Lättenwiesen",8590625,47.42812400000002,8.565693999999938,Bus,20.636363636363637,0.35038503850385044
"Glattbrugg, Post",8590629,47.430533999999305,8.561118999999966,Bus,223.52459016393442,0.4011484091619226
"Glattbrugg, Riethofstrasse",8580443,47.43637699999972,8.568918000000142,Bus,223.52459016393442,0.3811671953996608
"Glattbrugg, Unterriet",8573244,47.438038000000205,8.562735000000087,Tram,380.9672131147541,0.20260673812787294
"Glattbrugg, Zentrum",8590631,47.43337600000073,8.565752000000252,Bus,299.0163934426229,0.41438139614195774
"Glattbrugg, Zil",8590632,47.42273399999986,8.576858999999965,Bus,20.636363636363637,0.2978547854785479
Glattpark,8591830,47.41995799999905,8.55715899999996,Tram,671.7213114754098,0.19997531219313014
"Gockhausen, Dorf",8591831,47.38200900000069,8.598079999999896,Bus,85.50819672131148,0.281707942048256
"Gockhausen, Ursprungstrasse",8590635,47.384850000000505,8.600048999999977,Bus,85.50819672131148,0.38996474971605866
"Itschnach, Dorf",8576214,47.32778800000065,8.60231299999999,Bus,136.80327868852459,0.4078986261373573
"Itschnach, Fallacher",8576215,47.3290269999998,8.606083999999822,Bus,92.11475409836065,0.25082613942263027
"Itschnach, Rebweg",8590668,47.326588999998684,8.598092999999967,Bus,136.80327868852459,0.4155314473135842
"Itschnach, Tägermoos",8590669,47.32586499999929,8.594015000000004,Bus,136.81967213114754,0.39781087519182773
Kilchberg,8503200,47.324427999999905,8.547999000000193,Zug,159.37704918032787,0.48534941402152104
"Kilchberg ZH, Altersheim",8590670,47.3198919999997,8.54074800000007,Bus,28.26923076923077,0.4108764759309719
"Kilchberg ZH, Auf Brunnen",8590671,47.31877299999946,8.54575099999983,Bus,89.81967213114754,0.2962296469175229
"Kilchberg ZH, Bahnhof",8590673,47.32438199999953,8.548077000000097,Bus,27.634615384615383,0.27897574123989216
"Kilchberg ZH, Bendlikon",8590674,47.32209100000127,8.550608999999907,Bus,100.59016393442623,0.3566282178619834
"Kilchberg ZH, Breitloo",8594252,47.32619200000038,8.539436000000022,Bus,13.48076923076923,0.34334763948497854
"Kilchberg ZH, Bächlerstrasse",8590672,47.32903300000089,8.539600000000048,Bus,13.48076923076923,0.3424068767908309
"Kilchberg ZH, Emilienheim",8594253,47.32920899999974,8.538148999999978,Bus,13.48076923076923,0.3190271816881259
"Kilchberg ZH, Gottlieb-Binder",8590675,47.322974999999595,8.542835000000126,Bus,41.75,0.38821684587813615
"Kilchberg ZH, Hornhaldenstr.",8590677,47.33210600000112,8.54184700000023,Bus,89.8360655737705,0.3591554759158564
"Kilchberg ZH, Kirche",8590678,47.317771000001265,8.541511000000023,Bus,57.34426229508197,0.30974025974025915
"Kilchberg ZH, Kreuzstrasse",8590680,47.32456100000083,8.545394999999932,Bus,136.91803278688525,0.3735439541235386
"Kilchberg ZH, Lindt & Sprüngli",8590681,47.31907299999943,8.551128000000048,Bus,26.96153846153846,0.4409352836879433
"Kilchberg ZH, Mythenstrasse",8590682,47.32635999999934,8.540670000000066,Bus,13.48076923076923,0.2621776504297994
"Kilchberg ZH, Obere Hornhalde",8594254,47.33156600000053,8.538118000000098,Bus,13.48076923076923,0.35673352435530087
"Kilchberg ZH, Paradiessteig",8590683,47.329691999999454,8.54314599999998,Bus,89.8360655737705,0.3654978167737682
"Kilchberg ZH, Paradiesstrasse",8590684,47.32872599999976,8.547214999999937,Bus,89.09836065573771,0.31738713667285084
"Kilchberg ZH, Sanatorium",8590685,47.32710699999911,8.544455999999807,Bus,89.8360655737705,0.3841221782830777
"Kilchberg ZH, Schlimbergstr.",8590686,47.32477300000023,8.543005000000138,Bus,13.48076923076923,0.33047210300429186
"Kilchberg ZH, Schooren",8590687,47.31771999999924,8.553296000000042,Bus,89.09836065573771,0.30788084930942056
"Kilchberg ZH, Schoorenstrasse",8590688,47.317307000000206,8.54949099999998,Bus,26.96153846153846,0.413674645390071
"Kilchberg ZH, Schwelle",8590690,47.32167499999937,8.545228999999985,Bus,136.91803278688525,0.3812004904457326
"Kilchberg ZH, Spital",8590679,47.32170600000069,8.535375000000057,Bus,82.78688524590164,0.38867073880162756
"Kilchberg ZH, Stockengut",8590691,47.32411399999935,8.540372000000092,Bus,13.48076923076923,0.2607449856733524
"Kilchberg ZH, Weinbergstrasse",8590692,47.33198399999888,8.54328700000023,Bus,89.8360655737705,0.38529925101353674
"Kilchberg ZH,Schulhaus Dorfstr",8590689,47.321757999999065,8.547797999999888,Bus,55.23076923076923,0.26576906028368796
Kloten,8503308,47.448607999999176,8.583790999999785,Zug,79.80327868852459,0.12358197358197359
Kloten Balsberg,8503309,47.4422869999995,8.570701000000037,Zug,79.80327868852459,0.39173789173789164
"Kloten Balsberg, Bahnhof",8587799,47.44161500000196,8.568605000000272,"Bus, Tram",782.1639344262295,0.22396991534045446
"Kloten, Bahnhof",8587420,47.44896599999994,8.583890999999996,Bus,6.818181818181818,0.24901960784313723
"Kloten, Balsberg Hardacher",8573214,47.44024399999927,8.571692000000068,Bus,223.52459016393442,0.38638969729787787
"Kloten, Freienberg",8573232,47.46312200000065,8.58326699999998,Bus,162.672131147541,0.3343395351574269
"Kloten, Grindel",8588315,47.44652599999976,8.608409000000185,Bus,116.53846153846153,0.4820310879194126
"Kloten, Grubenstrasse",8576155,47.447684999999325,8.603250000000081,Bus,120.40983606557377,0.44787812649911496
"Kloten, Kirchgasse",8576152,47.452911000000285,8.584346999999982,Bus,111.26229508196721,0.3837528738005754
"Kloten, Mühle",8580435,47.45010999999982,8.591924999999963,Bus,12.681818181818182,0.2677621283255086
"Kloten, Oberfeld",8576154,47.44908900000103,8.597738000000211,Bus,120.40983606557377,0.4353923781720833
"Kloten, Obstgartenstrasse",8590696,47.45120699999935,8.577455000000004,Bus,47.25,0.035567313345091126
"Kloten, Rankstrasse",8576153,47.451187999999235,8.592054999999906,Bus,111.26229508196721,0.4028793072591855
"Kloten, Zum Wilden Mann",8573211,47.45354499999861,8.580196999999956,Bus,273.9344262295082,0.3099823032040725
Küsnacht Goldbach,8503141,47.326853999999365,8.575951000000103,Zug,151.49180327868854,0.2809866198339249
Küsnacht ZH,8503101,47.3191529999986,8.58061500000014,Zug,151.13114754098362,0.22612325038795628
"Küsnacht ZH, Allmend",8576222,47.3158120000006,8.597236999999954,Bus,42.18032786885246,0.09511343804537516
"Küsnacht ZH, Bahnhof",8576223,47.319241000000154,8.580869000000074,Bus,56.03846153846154,0.20616039426523292
"Küsnacht ZH, Bergstrasse",8576218,47.314421000000706,8.589706999999926,Bus,82.54098360655738,0.2287385311578857
"Küsnacht ZH, Boglerenstrasse",8576208,47.32628799999866,8.582302999999918,Bus,161.4262295081967,0.3000516184745139
"Küsnacht ZH, Bühlstrasse",8576206,47.33175599999962,8.579654999999729,Bus,161.4262295081967,0.2746971316778185
"Küsnacht ZH, Gartenstrasse",8590701,47.31150200000006,8.587528000000018,Bus,28.26923076923077,0.48499103942652344
"Küsnacht ZH, Goldbacherstrasse",8576207,47.32923000000101,8.58046099999974,Bus,161.44262295081967,0.29391068079517146
"Küsnacht ZH, Hallenbad",8590702,47.31356800000035,8.585098999999918,Bus,28.26923076923077,0.4943996415770609
"Küsnacht ZH, Hesligenstrasse",8576220,47.31577200000119,8.593202000000018,Bus,82.54098360655738,0.348094407771827
"Küsnacht ZH, Himmelistrasse",8576219,47.313839000000506,8.592221000000071,Bus,82.54098360655738,0.19338543612737144
"Küsnacht ZH, Obere Heslibachst",8576217,47.31689999999964,8.585553999999934,Bus,106.65573770491804,0.21572619959716718
"Küsnacht ZH, Oberfeld",8590703,47.312483999999316,8.58917600000012,Bus,28.28846153846154,0.5159050179211467
"Küsnacht ZH, Oberwacht",8576216,47.31940300000088,8.584509999999987,Bus,130.31147540983608,0.25484650000779047
"Küsnacht ZH, Reform. Kirche",8590704,47.31659299999986,8.583907000000112,Bus,28.26923076923077,0.21931003584229394
"Küsnacht ZH, Ränkestrasse",8576221,47.31454600000091,8.59527799999998,Bus,42.16393442622951,0.12565445026178013
"Küsnacht ZH, Schiedhaldensteig",8576210,47.32136699999883,8.58682699999989,Bus,136.81967213114754,0.3396426371363716
"Küsnacht ZH, Schiedhaldenstr.",8576209,47.322975000000795,8.582576000000019,Bus,214.19672131147541,0.25383366244570366
"Küsnacht ZH, Schübel",8576211,47.32165199999915,8.589850000000153,Bus,136.81967213114754,0.3450950307466598
"Küsnacht ZH, Zentrum",8590705,47.31827699999929,8.58187999999995,Bus,112.59615384615384,0.3319580685272175
"Langnau am Albis, Dorf",8573160,47.288612999999636,8.539982999999863,Bus,27.62295081967213,0.26071692535107166
Maiacher,8503068,47.32817799999981,8.63107099999988,Zug,122.34482758620689,0.0
"Maur, Aschbach",8590712,47.35190300000034,8.66081500000013,Bus,57.442622950819676,0.35351158645276287
"Maur, Platten",8590715,47.34335799999875,8.660724999999859,Bus,98.8688524590164,0.35421538604427144
Neue Forch,8503074,47.32581399999983,8.637845000000112,Zug,122.34482758620689,0.0
"Oberengstringen, Eggbühl",8590725,47.40552200000054,8.474086000000126,Bus,163.68852459016392,0.3581604009349672
"Oberengstringen, Lanzrain",8590726,47.407338999999254,8.4679469999999,Bus,163.672131147541,0.3472473897329389
"Oberengstringen, Paradies",8590727,47.41048800000093,8.45874499999992,Bus,163.672131147541,0.32303501388967965
"Oberengstringen, Zentrum",8590728,47.409132000000554,8.46260199999978,Bus,163.672131147541,0.3428704243733145
Opfikon,8503340,47.42995199999905,8.561768999999924,Zug,79.75409836065573,0.2271691271691272
"Opfikon, Aublick",8590740,47.424679999999015,8.577524000000098,Bus,41.78846153846154,0.3693647540983607
"Opfikon, Austrasse",8590741,47.425035000000186,8.575212000000082,Bus,23.07547169811321,0.30734767025089593
"Opfikon, Bahnhof",8590742,47.42960200000013,8.561655999999996,Bus,20.636363636363637,0.25605060506050603
"Opfikon, Bubenholz",8590743,47.43449700000035,8.571689000000179,Bus,75.49180327868852,0.4506967110218427
"Opfikon, Dorf",8590744,47.43222200000106,8.577937000000018,Bus,75.49180327868852,0.4078288942695723
"Opfikon, Fernsicht",8590745,47.42348399999947,8.581965000000077,Bus,51.05769230769231,0.597238466536712
"Opfikon, Grossacker",8590747,47.42676899999949,8.579093000000139,Bus,75.49180327868852,0.3548901715568383
"Opfikon, Grätzli",8590746,47.424920999999834,8.581373000000049,Bus,51.05769230769231,0.25709876543209875
"Opfikon, Neuwiesen",8590748,47.4280389999998,8.574334999999907,Bus,23.07547169811321,0.28602150537634385
"Opfikon, Schulstrasse",8580536,47.43084300000008,8.573718000000055,Bus,20.636363636363637,0.26677667766776675
"Opfikon, Vreniker",8590750,47.428319999999474,8.579589999999962,Bus,75.49180327868852,0.46634599967933305
"Pfaffhausen, Feldhof",8590751,47.36406500000109,8.62009100000003,Bus,96.32786885245902,0.3061518102580901
"Pfaffhausen, Müseren",8591832,47.36269699999875,8.617544999999831,Bus,283.88524590163934,0.30650643816856366
"Pfaffhausen, Pfaffenstein",8590752,47.3685570000011,8.628558000000195,Bus,95.8688524590164,0.30650567815201946
"Pfaffhausen, Sängglen",8590753,47.36704900000037,8.624764999999952,Bus,95.85245901639344,0.32088075880758793
"Regensdorf, Althard",8576280,47.43794399999957,8.470540000000087,Bus,64.49180327868852,0.24428376667640453
"Regensdorf, Furtbächli",8576278,47.44449099999998,8.466688999999906,Bus,57.65573770491803,0.31645091693635363
"Regensdorf, Hardhölzli",8576279,47.44161000000104,8.46590500000001,Bus,64.39344262295081,0.2602273833868926
"Regensdorf, Pumpwerkstrasse",8590757,47.44612100000069,8.462371999999963,Bus,57.65573770491803,0.2505174875089222
"Regensdorf, Querstrasse",8590758,47.444577000000095,8.462064000000101,Bus,64.44262295081967,0.3269451747979353
Regensdorf-Watt,8503526,47.43656300000109,8.47206399999976,Zug,84.44262295081967,0.1996804903495041
"Regensdorf-Watt, Bahnhof",8590878,47.43710299999926,8.473095999999902,Bus,33.22950819672131,0.18146752780767864
Ringlikon,8503056,47.36022899999962,8.477376000000053,Zug,83.29508196721312,0.25785519125683054
"Ringlikon, Dorf",8574780,47.35836600000034,8.469503000000058,Bus,29.941176470588236,0.290167865707434
"Ringlikon, Gättern",8574898,47.36197399999961,8.465323000000106,Bus,29.941176470588236,0.2793764988009592
"Ringlikon, Langwis",8573714,47.35961900000012,8.465119000000152,Bus,29.941176470588236,0.2422062350119904
Rümlang,8503311,47.45406699999914,8.532745000000265,Zug,154.672131147541,0.4104185972878631
"Rümlang, Bahnhof",8573241,47.453951000001126,8.532635999999922,Bus,39.42622950819672,0.2241427768409218
"Rümlang, Bäuler",8590762,47.4350750000008,8.5575419999999,Tram,381.0327868852459,0.20277042802492515
"Rümlang, Gemeindehaus",8590767,47.45006499999925,8.529823999999973,Bus,78.63934426229508,0.3399921837421836
"Rümlang, Hörnlistrasse",8594236,47.445684999999195,8.530662999999732,Bus,78.63934426229508,0.41242784992784987
"Rümlang, Letten",8590765,47.438747000000134,8.534750000000022,Bus,78.63934426229508,0.4807980599647271
"Rümlang, Oberdorf",8590766,47.45196700000074,8.530287999999937,Bus,78.65573770491804,0.3058631954465288
Rüschlikon,8503201,47.30713300000064,8.555150999999993,Zug,159.37704918032787,0.4583306303818171
"Rüschlikon, Bahnhof",8590771,47.308182000000556,8.553599000000043,Bus,89.09836065573771,0.3235992578849723
"Rüschlikon, Belvoir",8590772,47.307043000000576,8.548656000000129,Bus,89.09836065573771,0.35134715266184324
"Rüschlikon, Bodengasse",8590773,47.31042200000055,8.552707000000026,Bus,89.09836065573771,0.3125747268604411
"Rüschlikon, Eggrain",8590775,47.30456599999929,8.544305999999825,Bus,147.63934426229508,0.3370022969981233
"Rüschlikon, Langhaldenstrasse",8590776,47.306075000000384,8.55110799999983,Bus,89.09836065573771,0.3238884247656178
"Rüschlikon, Loorain",8590777,47.30736700000082,8.541997000000125,Bus,147.63934426229508,0.34778819075563633
"Rüschlikon, Moosstrasse",8590779,47.302611999999606,8.54544300000016,Bus,147.63934426229508,0.2661180430587779
"Rüschlikon, Park im Grüene",8590780,47.30036999999919,8.550368000000123,Bus,111.98360655737704,0.2850866468922026
"Rüschlikon, Schlossstrasse",8590783,47.31368600000088,8.553792999999883,Bus,89.09836065573771,0.2883127190270045
"Rüschlikon, Säumerstrasse",8590782,47.3081099999997,8.546164999999885,Bus,89.09836065573771,0.3543346052945382
"Rüschlikon, Weidstrasse",8590784,47.30570599999933,8.552938999999958,Bus,89.09836065573771,0.31024840239125945
Schlieren,8503509,47.399174999999026,8.447228000000253,Zug,158.2295081967213,0.24376056979837551
"Schlieren, Bahnhof",8590786,47.3994329999991,8.448544999999973,Bus,196.88524590163934,0.2998404914138744
"Schlieren, Brunngasse",8590788,47.396486999999965,8.448064999999865,Bus,75.0377358490566,0.30761042262472194
"Schlieren, Feldstrasse",8590790,47.40342399999853,8.447892000000103,Bus,152.2622950819672,0.22622547435980286
"Schlieren, Gasometerbrücke",8590791,47.39760899999968,8.46060500000017,Bus,281.24590163934425,0.3859646514620544
"Schlieren, Heimeliweg",8590792,47.39456400000042,8.437484000000037,Bus,75.1311475409836,0.31956162117452436
"Schlieren, Industrie Gaswerk",8590793,47.40095200000022,8.463013999999944,Bus,52.38461538461539,0.34714734950584003
"Schlieren, Kesslerstrasse",8590794,47.3963779999993,8.438868999999787,Bus,229.39344262295083,0.3250536526930298
"Schlieren, Mülligen",8590795,47.395520999999015,8.467797999999815,Bus,281.24590163934425,0.34377182731719885
"Schlieren, Nassacker",8590796,47.39485099999898,8.441742000000156,Bus,75.1311475409836,0.29663633857182237
"Schlieren, Reitmen",8590797,47.397108999999325,8.433386000000024,Bus,151.34426229508196,0.3394218021705581
"Schlieren, Rütistrasse",8590799,47.40080899999952,8.453738000000097,Bus,52.38461538461539,0.3095462713387242
"Schlieren, Spital Limmattal",8590800,47.392615999999045,8.429752000000006,Bus,190.50819672131146,0.3048348062545594
"Schlieren, Steinacker",8590801,47.39618000000131,8.426373999999994,Bus,225.9016393442623,0.359254937783251
"Schlieren, Talacker-Windegg",8590802,47.405618999999085,8.447813999999918,Bus,152.27868852459017,0.30677812835773005
"Schlieren, Wagonsfabrik",8590803,47.398510999999516,8.454184000000133,Bus,281.21311475409834,0.3525598834002559
"Schlieren, Zentrum",8590804,47.39726599999995,8.447484000000125,Bus,260.344262295082,0.27268354053657284
"Schlieren, Zentrum/Bahnhof",8590805,47.39824000000075,8.447104999999933,Bus,317.4754098360656,0.28192156842530147
Schweighof,8503053,47.364988000000764,8.503047000000116,Zug,144.27868852459017,0.23135556383507216
Schwerzenbach ZH,8503127,47.38438100000157,8.65865900000009,Zug,158.55737704918033,0.3306556748466255
"Schwerzenbach ZH, Bahnhof",8576127,47.38398500000036,8.659551000000096,Bus,120.72131147540983,0.22937429061934994
"Schwerzenbach ZH, Dorf",8590806,47.380501999999986,8.65200100000022,Bus,165.9344262295082,0.3303128387425848
Sihlau,8503099,47.30315500000096,8.52524699999975,Zug,142.327868852459,0.5026429799157065
Sood-Oberleimbach,8503095,47.319571,8.52144100000013,Zug,142.327868852459,0.5301715680503559
Spital Zollikerberg,8503077,47.34731800000008,8.596795999999898,Zug,122.34482758620689,0.0
"Stallikon, Aegerten",8573724,47.320198000000495,8.490606000000037,Bus,23.98076923076923,0.3719390304847576
"Stallikon, Aumüli",8573715,47.30208800000031,8.485911000000007,Bus,23.98076923076923,0.37006496751624185
"Stallikon, Bleiki",8503691,47.33376100000105,8.488822000000075,Bus,37.55769230769231,0.385160519125683
"Stallikon, Diebis",8573731,47.34939399999955,8.475894999999806,Bus,37.55769230769231,0.2891051912568306
"Stallikon, Dorf",8503690,47.32677600000106,8.490337999999825,Bus,37.55769230769231,0.3130976775956284
"Stallikon, Gamlikon",8503694,47.311456999999805,8.493343000000074,Bus,23.98076923076923,0.42866066966516747
"Stallikon, Langfuren",8583053,47.3236289999995,8.49017100000006,Bus,23.98076923076923,0.28223388305847075
"Stallikon, Loomatt",8581059,47.339415000000216,8.485294000000057,Bus,37.55769230769231,0.33188183060109283
"Stallikon, Sellenbüren",8503696,47.34329399999904,8.48207499999991,Bus,37.55769230769231,0.20594262295081964
Stettbach,8503147,47.39721299999847,8.59613200000005,Zug,245.72131147540983,0.19242486543123874
Thalwil,8503202,47.29597500000079,8.564754999999936,Zug,342.88524590163934,0.22535706703729408
"Thalwil, Aegertli",8590811,47.296474000000806,8.559687999999957,Bus,75.40983606557377,0.3323586744639376
"Thalwil, Archstrasse",8590813,47.29607699999946,8.561728999999831,Bus,37.278688524590166,0.25605680868838765
"Thalwil, Bahnhof",8573168,47.29590900000034,8.565123999999939,Bus,13.80327868852459,0.2164090368608799
"Thalwil, Feldstrasse",8573164,47.29033999999961,8.55967799999985,Bus,27.62295081967213,0.49057649667405767
"Thalwil, Mühlebachplatz",8573166,47.29126900000064,8.564894000000079,Bus,27.62295081967213,0.5702143385070215
"Thalwil, Pilgerweg",8590822,47.29816099999922,8.56111199999999,Bus,38.131147540983605,0.22862712336396548
"Thalwil, Post",8590824,47.29681400000076,8.56265700000022,Bus,38.131147540983605,0.24923419660261764
"Thalwil, Rudishaldenstrasse",8590826,47.29334799999937,8.559264999999904,Bus,75.40983606557377,0.2952520189362295
"Thalwil, Seehaldenstrasse",8590828,47.29729799999936,8.554522000000189,Bus,75.40983606557377,0.2999860763018657
"Thalwil, Sonnenberg",8595406,47.29375499999921,8.55629899999989,Bus,75.40983606557377,0.30144806460595935
"Thalwil, Trotte",8590829,47.29119499999955,8.566028999999789,Bus,75.49180327868852,0.3335408022130012
"Thalwil, Zentrum",8573167,47.29491699999939,8.564467999999945,Bus,89.14754098360656,0.1731811894882431
Triemli,8503054,47.3649969999989,8.495197000000147,Zug,116.14754098360656,0.3369096409055427
Uetliberg,8503057,47.35236399999903,8.4876530000001,Zug,39.0,0.3806921675774135
Uitikon Waldegg,8503055,47.36583599999915,8.465980000000135,Zug,87.29508196721312,0.5287704918032787
"Uitikon Waldegg, Bahnhof",8575014,47.366221999999794,8.465033999999886,Bus,29.941176470588236,0.2841726618705036
"Uitikon, Dorf",8503699,47.37053700000008,8.45414100000011,Bus,59.94117647058823,0.31746506986027934
"Uitikon, Gläseren",8574615,47.3734729999997,8.448621999999904,Bus,59.94117647058823,0.34301397205588824
"Uitikon, Halde",8574684,47.3692560000004,8.45872400000006,Bus,59.94117647058823,0.3393213572854293
"Uitikon, Roracher",8574658,47.37211699999955,8.451404000000117,Bus,59.94117647058823,0.3466067864271458
"Uitikon, Wängi",8574610,47.37597299999959,8.447610000000111,Bus,30.0,0.3442211055276382
"Unterengstringen, Aegelsee",8590831,47.41498000000089,8.446029999999878,Bus,76.37704918032787,0.30069098949695955
"Unterengstringen, Eckstein",8590832,47.410484000000004,8.44903200000026,Bus,152.27868852459017,0.2612622912374155
"Unterengstringen, Langacher",8590833,47.4122369999988,8.453159999999842,Bus,163.672131147541,0.3270848611889075
"Unterengstringen, Langwisen",8593529,47.409044,8.44805099999998,Bus,152.27868852459017,0.31336648886400115
"Unterengstringen, Sennenbüel",8591833,47.41316699999921,8.448752000000104,Bus,159.27868852459017,0.28321232388396544
"Unterengstringen, Sennenbüel N",8594732,47.41349400000032,8.44931499999988,Bus,158.04918032786884,0.2822965922965924
Urdorf,8502220,47.39088199999972,8.434713000000038,Zug,144.80327868852459,0.4084268683770217
Urdorf Weihermatt,8502229,47.38097099999907,8.430329999999875,Zug,144.8360655737705,0.4393590816136828
"Urdorf Weihermatt, Bahnhof",8590834,47.38009299999979,8.429969000000026,Bus,75.70491803278688,0.31259961527892255
"Urdorf, Feldegg",8590837,47.39180900000054,8.427338999999884,Bus,227.78688524590163,0.34435506879951316
"Urdorf, Heinrich-Stutz-Strasse",8590838,47.37042300000023,8.42470499999993,Bus,36.65909090909091,0.38059027777777776
"Urdorf, Herweg",8590839,47.393643000001084,8.417914999999995,Bus,177.80327868852459,0.2533021419069122
"Urdorf, Luberzen",8590840,47.39381300000074,8.423376000000049,Bus,151.37704918032787,0.2909966668673139
"Urdorf, Neumatt",8590841,47.387209000000404,8.420405999999959,Bus,218.01639344262296,0.3012171356307155
"Urdorf, Neumattstrasse",8590842,47.38718299999931,8.422393000000046,Bus,37.868852459016395,0.4467746400885935
"Urdorf, Niederurdorf",8590843,47.39033599999879,8.41856999999986,Bus,217.327868852459,0.3095369125616037
"Urdorf, Oberurdorf",8590844,47.37874600000053,8.423349000000007,Bus,66.06557377049181,0.2539297658862878
"Urdorf, Rainweg",8590845,47.389406000000456,8.425333999999749,Bus,37.868852459016395,0.3947951273532669
"Urdorf, Schlierenstrasse",8590846,47.39116099999959,8.423155000000227,Bus,189.91803278688525,0.3251231849997281
"Urdorf, Sonne",8590847,47.381263000000985,8.422534999999845,Bus,104.52459016393442,0.22440772328832023
"Urdorf, Spitzacker",8590848,47.38434499999906,8.421823999999834,Bus,255.9016393442623,0.2643308252440424
"Urdorf, Uitikonerstrasse",8590849,47.38225899999971,8.425930000000006,Bus,151.36065573770492,0.34384893890659923
"Volketswil, Volkiland Chliriet",8503154,47.38190300000067,8.667554999999995,Bus,66.8688524590164,0.40215551849793096
Waldburg,8503078,47.345475999999564,8.593023999999875,Zug,122.34482758620689,0.0
"Waldegg, Birmensdorferstrasse",8502559,47.36830499999997,8.463471999999953,Bus,21.613636363636363,0.248899889988999
"Waldegg, Katholische Kirche",8574739,47.364932999999944,8.462348000000018,Bus,59.94117647058823,0.2969061876247505
"Waldegg, Leuen",8583613,47.36274400000001,8.459632000000044,Bus,21.613636363636363,0.3063806380638063
"Waldegg, Post",8503709,47.368335999999594,8.46200299999989,Bus,59.94117647058823,0.35259481037924156
Wallisellen,8503129,47.412716999999375,8.59191100000006,Zug,199.29508196721312,0.4037795992714023
"Wallisellen, Alterszentrum",8590880,47.4185290000006,8.595468999999902,Bus,67.91803278688525,0.38314956177551585
"Wallisellen, Bahnhof",8587655,47.41271999999713,8.592533999999707,"Bus, Tram",477.7704918032787,0.23706841597337466
"Wallisellen, Belair",8590881,47.41430699999921,8.585822999999898,"Bus, Tram",185.1639344262295,0.2919588477910205
"Wallisellen, Blumenweg",8590882,47.413113000000585,8.604482000000033,Bus,58.91803278688525,0.4677137870855149
"Wallisellen, Bodenackerstrasse",8588742,47.41726700000024,8.587555999999962,Bus,20.636363636363637,0.45627062706270627
"Wallisellen, Bützacker",8590883,47.421583000000986,8.600386000000062,Bus,76.78688524590164,0.2732258976533784
"Wallisellen, Florastrasse",8590884,47.411700999999326,8.597268999999907,Bus,34.01639344262295,0.3887434554973822
"Wallisellen, Friedhof",8594187,47.41526399999999,8.593649000000115,Bus,29.057692307692307,0.36488169364881695
"Wallisellen, Frohheimstrasse",8588743,47.41949500000008,8.588756999999989,Bus,9.840909090909092,0.3696369636963696
"Wallisellen, Furtbach",8590885,47.411510999998946,8.608104000000077,Bus,58.91803278688525,0.3761634671320535
"Wallisellen, Gemeindehaus",8590886,47.4163689999991,8.591021999999962,Bus,67.91803278688525,0.33938365846762775
"Wallisellen, Glatt (Bus)",8587651,47.4092089999993,8.595545000000095,Bus,183.62295081967213,0.19739574232148505
"Wallisellen, Glatt (Tram)",8594198,47.40929199999859,8.598063999999837,Tram,153.55737704918033,0.2850010010920529
"Wallisellen, Guggenbühlstrasse",8594190,47.41363899999929,8.596953000000141,Bus,29.01923076923077,0.4901315789473684
"Wallisellen, Guyer-Weg",8590887,47.4176150000001,8.598696000000016,Bus,8.868852459016393,0.3821138211382114
"Wallisellen, Haldenstrasse",8594186,47.4154559999998,8.596886999999926,Bus,29.057692307692307,0.45860709592641263
"Wallisellen, Hallenbad",8590888,47.41784699999901,8.593453000000054,Bus,67.91803278688525,0.4429884082555835
"Wallisellen, Herti",8590889,47.41649699999878,8.579071000000102,"Bus, Tram",185.1639344262295,0.2503793985339946
"Wallisellen, Ifang",8590890,47.4101220000007,8.604986000000135,Bus,122.18032786885246,0.38474912858114974
"Wallisellen, Kaserne",8588744,47.416855999999854,8.585532999999975,Bus,20.636363636363637,0.27695269526952704
"Wallisellen, Lindenplatz",8590892,47.419910999999225,8.598493999999883,Bus,76.78688524590164,0.47141645462256143
"Wallisellen, Neugut",8590578,47.404830999999845,8.604273999999899,Tram,153.55737704918033,0.24466869908392672
"Wallisellen, Riedenerstrasse",8590894,47.41101000000126,8.601613000000015,Bus,58.91803278688525,0.427283304246655
"Wallisellen, Rosenberg",8590895,47.41235199999949,8.597853000000013,Bus,58.91803278688525,0.43811809191390344
"Wallisellen, Schulhaus Bürgli",8594188,47.415528000000364,8.599578000000065,Bus,29.01923076923077,0.47368421052631576
"Wallisellen, Schäfligraben",8590896,47.423670999998954,8.599371999999972,Bus,39.47540983606557,0.386968085106383
"Wallisellen, Spitzacker",8590897,47.41097900000021,8.605588000000175,Bus,58.91803278688525,0.46218731820826087
"Wallisellen, Sportzentrum",8590898,47.41477100000118,8.606877000000129,Bus,33.77049180327869,0.3429373522458629
"Wallisellen, Steinacker",8588745,47.41880700000001,8.581944000000018,Bus,20.636363636363637,0.3484598459845986
"Wallisellen, Säntisstrasse",8594189,47.41302599999949,8.600623999999927,Bus,29.01923076923077,0.4256578947368421
"Wallisellen, Zentrum",8590899,47.41401000000038,8.591250000000072,Bus,67.91803278688525,0.1981678486997635
"Wallisellen, Zielacker",8590900,47.41457500000074,8.604885000000039,Bus,67.78688524590164,0.37722513089005244
Waltikon,8503075,47.33679599999966,8.61702599999992,Zug,122.34482758620689,0.0
"Wangen, Dorfplatz",8590901,47.410430000000616,8.645884999999922,Bus,29.050847457627118,0.38331388564760793
"Wangen, Hätzelwisen",8590902,47.41031900000008,8.642729000000097,Bus,57.0655737704918,0.2441350551520043
"Wangen, Neuwisen",8594338,47.41642699999931,8.634106999999906,Bus,57.98360655737705,0.5576755447941889
"Wangen, Oberdorf",8590903,47.4079550000002,8.646002000000175,Bus,29.033898305084747,0.16621079504011668
"Wangen, Weidli",8590905,47.412453999999805,8.639861999999995,Bus,57.98360655737705,0.5296717783158461
"Weiningen ZH, Aegelsee",8590910,47.41570399999923,8.444559999999923,Bus,75.1639344262295,0.37422496570644703
"Weiningen ZH, Ausserdorf",8590911,47.417680999999384,8.439535000000069,Bus,151.54098360655738,0.34965367965367955
"Weiningen ZH, Lindenplatz",8590913,47.419555000000365,8.433936999999833,Bus,151.54098360655738,0.356723109994715
"Weiningen ZH, Schulhaus",8590914,47.418349999999926,8.428667000000098,Bus,151.52459016393442,0.3524341593477396
"Wettswil a.A., Beerimoos",8576743,47.32956700000054,8.480073999999945,Bus,33.13333333333333,0.30779816513761465
"Wettswil a.A., Bäumlisächer",8573712,47.34224099999898,8.47010500000018,Bus,104.50819672131148,0.4025262316610919
"Wettswil a.A., Chilenholzstr.",8579440,47.33407699999964,8.478705999999914,Bus,33.13333333333333,0.3007645259938838
"Wettswil a.A., Dettenbühl",8579434,47.33771300000066,8.47454300000012,Bus,34.16393442622951,0.5576584507042254
"Wettswil a.A., Dorf",8503692,47.337715000000976,8.474344000000155,Bus,104.52459016393442,0.3290235445451734
"Wettswil a.A., Eggächer",8579443,47.339780000000374,8.474715000000133,Bus,34.24590163934426,0.3677074171797127
"Wettswil a.A., Grund",8573713,47.33186900000096,8.474231000000108,Bus,138.70491803278688,0.3853919338665099
"Wettswil a.A., Heidenchilen",8503693,47.34562700000071,8.46668900000006,Bus,90.24590163934427,0.3460485892149726
"Wettswil a.A., Heissächerstr.",8579453,47.34167500000112,8.47408999999986,Bus,34.24590163934426,0.37532981530343007
"Wettswil a.A., Langächer",8579497,47.34361000000132,8.468966000000181,Bus,34.24590163934426,0.3218264438581061
"Wettswil a.A., Moosstrasse",8579994,47.335012000001086,8.474754999999977,Bus,138.7377049180328,0.41695425807713904
"Wettswil a.A., Oberhusen",8579442,47.337682999999615,8.477850000000032,Bus,34.26229508196721,0.36719437115215475
"Wettswil a.A., Rehweid",8579495,47.34377400000071,8.470690000000092,Bus,34.24590163934426,0.36946643213133973
"Wettswil a.A., Schachenbach",8581967,47.32778300000048,8.473423999999861,Bus,47.65573770491803,0.24103927285199794
"Wettswil a.A., Schürli",8576699,47.33291499999948,8.477890000000077,Bus,33.13333333333333,0.5007645259938838
"Wettswil a.A., Strumbergächer",8579472,47.34268100000024,8.472257000000036,Bus,34.24590163934426,0.36111111111111105
Wildpark-Höfli,8503089,47.296570999999325,8.535651999999974,Zug,116.36065573770492,0.24721574721574693
"Zollikerb., Langägerten/Spital",8591023,47.34681899999928,8.598149000000108,Bus,52.78688524590164,0.13142516121031758
Zollikerberg,8503067,47.34605599999947,8.60339999999997,Zug,122.34482758620689,0.0
"Zollikerberg, Hasenbart",8591024,47.349977999999176,8.597106000000108,Bus,48.47540983606557,0.25492290544306156
"Zollikerberg, Oberhueb",8591025,47.344594000000114,8.617964999999955,Bus,12.659090909090908,0.0049504950495049506
"Zollikerberg, Resirain",8591026,47.34849299999985,8.607012999999972,Bus,26.25,0.16533430232558138
"Zollikerberg, Sennhof",8591027,47.34763200000043,8.615557999999972,Bus,26.227272727272727,0.2233527131782946
"Zollikerberg, Spital",8591903,47.348351000000385,8.59603799999991,Bus,45.16393442622951,0.27511330477432183
"Zollikerberg, Station",8591028,47.34622500000048,8.602649000000113,Bus,35.75409836065574,0.19589738782652175
"Zollikerberg, Trichtenhauserm.",8591029,47.35062200000057,8.601950999999907,Bus,48.49180327868852,0.24644714843024346
Zollikon,8503100,47.33733200000102,8.569717000000178,Zug,151.2295081967213,0.19101682997641087
"Zollikon, Bahnübergang",8576201,47.34592200000039,8.566154000000084,Bus,160.327868852459,0.32211708610978834
"Zollikon, Beugi",8576204,47.33647899999939,8.57508500000022,Bus,160.04918032786884,0.2726157552266941
"Zollikon, Dufourplatz",8576203,47.340433999999505,8.572614999999852,Bus,160.327868852459,0.27989790522985547
"Zollikon, Felbenstrasse",8576202,47.34320699999965,8.569629999999965,Bus,160.31147540983608,0.29584684751093415
"Zollikon, Goldhaldenplatz",8576205,47.33503400000128,8.577515000000135,Bus,160.04918032786884,0.26458647316121864
Zumikon,8503066,47.331688999999564,8.62380599999994,Zug,122.34482758620689,0.0
"Zumikon, Dorfzentrum",8576226,47.33297600000042,8.622921999999848,Bus,28.326923076923077,0.2136524822695035
"Zumikon, Gössikon",8576224,47.332474000000005,8.614773000000039,Bus,56.01923076923077,0.344077306733167
"Zumikon, Waltikon",8576225,47.33610900000036,8.618188000000117,Bus,56.01923076923077,0.2103906899418122
Zürich Affoltern,8503008,47.42091300000126,8.508565000000079,Zug,86.75409836065573,0.26106534719150803
Zürich Altstetten,8503001,47.391480999999125,8.488939999999888,Zug,401.0655737704918,0.19442805167988475
Zürich Balgrist,8530811,47.35457799999955,8.575020000000134,Zug,144.41379310344828,0.0
Zürich Binz,8503051,47.3626319999987,8.518423999999902,Zug,142.27868852459017,0.35369659711872825
Zürich Brunau,8503086,47.35212399999887,8.526232000000128,Zug,142.327868852459,0.5881313131313134
Zürich Enge,8503010,47.36409899999899,8.530805000000191,Zug,231.54098360655738,0.1087622681085105
Zürich Flughafen,8503016,47.450383000001196,8.562385999999767,Zug,371.4754098360656,0.14295543969367439
"Zürich Flughafen, Bahnhof",8573205,47.45044099999777,8.563727000000355,"Bus, Tram",1538.360655737705,0.22765446593990799
"Zürich Flughafen, Fracht",8588553,47.452491999997726,8.572058000000197,"Bus, Tram",1326.049180327869,0.3147200326300082
"Zürich Flughafen, Im Rohr",8593523,47.445627000000194,8.549053000000002,Bus,60.65909090909091,0.22889628073451607
"Zürich Flughafen, OPC",8580301,47.452653000000254,8.565656999999865,Bus,473.88524590163934,0.3623169564253845
"Zürich Flughafen, REGA",8591031,47.45844700000063,8.572915000000009,Bus,54.84090909090909,0.29580610021786485
"Zürich Flughafen, Werft",8573213,47.4447789999993,8.570687999999835,Bus,263.72131147540983,0.26871764111290347
"Zürich Flughafen, Werkhof",8591032,47.444115999999575,8.550016000000074,Bus,122.5,0.3864282050556563
Zürich Giesshübel,8503091,47.36245600000098,8.521849000000106,Zug,142.327868852459,0.45464257964257954
Zürich HB,8503000,47.37817699999912,8.54019200000024,Zug,1557.5573770491803,0.16155300677461865
Zürich HB SZU,8503088,47.37743100000067,8.539170000000011,Zug,142.65573770491804,0.27175370124188986
Zürich Hardbrücke,8503020,47.38519500000101,8.517105999999872,Zug,651.3934426229508,0.29038852832184336
Zürich Hegibachplatz,8530812,47.36169000000057,8.560623000000021,Zug,144.41379310344828,0.0
Zürich Kreuzplatz,8530813,47.36487499999954,8.554082999999993,Zug,144.41379310344828,0.0
Zürich Leimbach,8503094,47.33460100000073,8.519603000000092,Zug,142.39344262295083,0.362766862766863
Zürich Manegg,8503093,47.33837800000034,8.519679000000227,Zug,142.327868852459,0.5063778813778813
Zürich Oerlikon,8503006,47.41152899999904,8.54411500000007,Zug,862.4262295081967,0.25744648484563243
Zürich Saalsporthalle,8503087,47.35740700000129,8.52214300000011,Zug,142.39344262295083,0.41779424279424265
Zürich Seebach,8503007,47.41874700000143,8.544636000000024,Zug,80.26229508196721,0.39847781217750233
Zürich Selnau,8503090,47.372938000000396,8.532033000000013,Zug,284.60655737704917,0.2891886984506316
Zürich Stadelhofen,8503003,47.366610999999146,8.54846600000015,Zug,641.4590163934427,0.1704118969082474
Zürich Stadelhofen FB,8503059,47.36635300000041,8.54813000000006,Zug,72.06896551724138,0.0
Zürich Tiefenbrunnen,8503004,47.35012399999869,8.561372000000087,Zug,156.18032786885246,0.2400280559302545
Zürich Wiedikon,8503011,47.37147199999927,8.523461999999858,Zug,227.72131147540983,0.37945996998911075
Zürich Wipkingen,8503015,47.393031999999955,8.5293590000001,Zug,80.11475409836065,0.5098770491803278
Zürich Wollishofen,8503009,47.34743999999921,8.53358800000011,Zug,159.37704918032787,0.23261512473552337
"Zürich, Aargauerstrasse",8591033,47.39210599999945,8.501310999999989,Tram,282.72131147540983,0.2284598675944179
"Zürich, Albisgütli",8591034,47.351992000001445,8.507711999999987,Tram,158.45901639344262,0.23783410901799373
"Zürich, Albisrank",8591035,47.379817000000514,8.49466899999985,Bus,277.7049180327869,0.2637254029043335
"Zürich, Albisrieden",8591036,47.37438300000134,8.484788999999711,"Bus, Tram",847.2295081967213,0.28499722920046117
"Zürich, Albisriederdörfli",8591037,47.375314999999176,8.485217999999847,Bus,477.91803278688525,0.24387564235315992
"Zürich, Albisriederplatz",8591038,47.37821399999762,8.51039600000021,"Bus, Tram",1795.5081967213114,0.2702514887738365
"Zürich, Alte Trotte",8591039,47.397763000000715,8.507252,Tram,279.42622950819674,0.23128523938747444
"Zürich, Altenhofstrasse",8591040,47.35530499999908,8.561415000000089,Bus,131.50819672131146,0.2835867278638364
"Zürich, Althoos",8591041,47.41070300000082,8.524062000000209,Bus,125.91803278688525,0.2900883667896901
"Zürich, Altried",8587652,47.40562900000071,8.591001999999916,"Bus, Tram",1033.704918032787,0.29377880600576545
"Zürich, Am Börtli",8591043,47.39962599999921,8.507144000000103,Bus,55.131147540983605,0.2685670847586468
"Zürich, Am Suteracher",8591044,47.39123400000035,8.469409999999879,Bus,111.91803278688525,0.33056344346499783
"Zürich, Appenzellerstrasse",8591045,47.398910999999444,8.509527999999838,Bus,55.131147540983605,0.3926777560339202
"Zürich, Aspholz",8591046,47.42508800000153,8.500589999999816,Bus,140.88524590163934,0.2601652622640276
"Zürich, Aubrücke",8591047,47.410880000001114,8.572127000000002,Bus,361.27868852459017,0.3038738572203722
"Zürich, Ausserdorfstrasse",8591048,47.42451199999935,8.54855900000007,Bus,351.0983606557377,0.343747114796866
"Zürich, Auzelg",8591049,47.41669399999957,8.568116,"Bus, Tram",740.9344262295082,0.35053248213634375
"Zürich, Auzelg Ost",8591050,47.41334500000068,8.572165999999935,Bus,47.622950819672134,0.43249158249158254
"Zürich, Bachmattstrasse",8591051,47.388925999999664,8.48304800000005,Tram,279.26229508196724,0.2032400285832289
"Zürich, Bad Allenmoos",8591053,47.405895999998606,8.537784000000089,Tram,285.72131147540983,0.22632788123526232
"Zürich, Bahnhof Affoltern",8591054,47.4211839999993,8.507417999999918,Bus,314.72131147540983,0.35350842477359545
"Zürich, Bahnhof Altstetten",8591056,47.39110899999839,8.48837599999987,Bus,1074.5901639344263,0.27025677723348934
"Zürich, Bahnhof Altstetten N",8591057,47.39206600000032,8.489904999999906,"Bus, Tram",481.8032786885246,0.2528811458460779
"Zürich, Bahnhof Enge",8591058,47.364128000000676,8.531573999999997,Tram,618.655737704918,0.26589590524996826
"Zürich, Bahnhof Enge/Bederstr.",8591059,47.36455199999923,8.53045700000007,Tram,520.7704918032787,0.25562644365877824
"Zürich, Bahnhof Hardbrücke",8591060,47.384935000000475,8.517034000000264,Bus,380.24590163934425,0.23922368702433539
"Zürich, Bahnhof Leimbach",8591061,47.333251999998765,8.518595999999901,Bus,232.5737704918033,0.47923624174653795
"Zürich, Bahnhof Oerlikon",8580449,47.411496000000575,8.544789999999924,"Bus, Tram",1509.377049180328,0.2951724408820509
"Zürich, Bahnhof Oerlikon Nord",8591062,47.41240400000076,8.543933999999934,Bus,205.7377049180328,0.2749967266168983
"Zürich, Bahnhof Oerlikon Ost",8591063,47.413339000002246,8.545848000000236,"Bus, Tram",2034.639344262295,0.30155019206467865
"Zürich, Bahnhof Selnau",8591064,47.370671999999,8.532013000000005,Tram,296.06666666666666,0.30216523337567963
"Zürich, Bahnhof Stadelhofen",8503059,47.36635299999927,8.548129999999903,Tram,548.9344262295082,0.25842521389006423
"Zürich, Bahnhof Stettbach",8591065,47.3972760000023,8.596133999999715,"Bus, Tram",984.2459016393443,0.23066085186352778
"Zürich, Bahnhof Tiefenbrunnen",8576182,47.350416000000926,8.560993999999754,"Bus, Tram",1163.4262295081967,0.19896561948619526
"Zürich, Bahnhof Wiedikon",8573710,47.37142900000223,8.52418899999982,"Bus, Tram",1466.8688524590164,0.2944885651973718
"Zürich, Bahnhof Wipkingen",8591066,47.39344400000077,8.529526000000121,Bus,575.3770491803278,0.2842140676195203
"Zürich, Bahnhofplatz/HB",8587348,47.37724099999789,8.53933799999979,"Bus, Tram",2530.8524590163934,0.22297259954107715
"Zürich, Bahnhofquai/HB",8587349,47.37755999999743,8.541742000000141,"Bus, Tram",3058.1967213114754,0.2368754999435702
"Zürich, Bahnhofstrasse/HB",8591067,47.37655999999885,8.539946000000128,Tram,1035.5409836065573,0.22218094830481291
"Zürich, Balgrist",8530811,47.354577999999066,8.575020000000178,Tram,278.26229508196724,0.19897453053055789
"Zürich, Baslerstrasse",8591070,47.38876300000095,8.490144000000003,Bus,254.36065573770492,0.3418383147312347
"Zürich, Beckenhof",8591071,47.384083999999184,8.540446000000166,Tram,551.311475409836,0.24666673320527077
"Zürich, Bellevue",8576193,47.367092999997574,8.54511300000011,"Bus, Tram",4139.4098360655735,0.254201204624634
"Zürich, Berghaldenstrasse",8591072,47.35850400000146,8.590023000000096,Bus,274.0163934426229,0.3890007782513322
"Zürich, Berninaplatz",8591073,47.40363999999875,8.547911999999998,Tram,528.9508196721312,0.277622734818267
"Zürich, Bernoulli-Häuser",8591074,47.393765000000585,8.508708999999865,Tram,275.1967213114754,0.25391866387423095
"Zürich, Bertastrasse",8591075,47.3735859999998,8.513824999999999,Bus,8.721311475409836,0.21075581395348839
"Zürich, Berufswahlschule",8591076,47.404372999999495,8.53332700000001,Bus,63.36065573770492,0.332745471877979
"Zürich, Besenrainstrasse",8591077,47.345479999999974,8.527857000000004,Bus,6.176470588235294,0.6433333333333334
"Zürich, Bethanien",8591078,47.38091300000074,8.555995000000047,Bus,138.36065573770492,0.24269271195197134
"Zürich, Bezirksgebäude",8591079,47.37416900000086,8.52555599999999,Tram,539.4754098360655,0.2749444192771828
"Zürich, Bhf Wollishofen (Bus)",8591080,47.34758600000133,8.534345000000027,Bus,178.9344262295082,0.31949367152012814
"Zürich, Bhf Wollishofen (Tram)",8591081,47.34703299999869,8.532918000000132,Tram,293.24590163934425,0.30126366691230894
"Zürich, Billoweg",8591082,47.35146800000063,8.53197600000017,Tram,293.21311475409834,0.29445445573963286
"Zürich, Binz",8591824,47.362966000000455,8.518323999999856,Bus,158.21153846153845,0.2655045820368402
"Zürich, Binz Center",8591084,47.36190000000082,8.511048000000113,Bus,79.13461538461539,0.21055043522785438
"Zürich, Birch-/Glatttalstrasse",8591085,47.427404000000294,8.546141000000041,Bus,351.1475409836066,0.35376603157891084
"Zürich, Birchdörfli",8591086,47.407537999999576,8.530595999999992,Bus,295.4754098360656,0.31175868116701316
"Zürich, Bircher-Benner",8591087,47.375736000001226,8.564798000000044,Bus,84.08196721311475,0.29864761904761894
"Zürich, Birchstrasse",8591088,47.41304700000033,8.53585100000002,Bus,288.1475409836066,0.23938656186909785
"Zürich, Bleulerstrasse",8591089,47.34717300000024,8.571592999999957,Bus,65.75409836065573,0.29026785714285686
"Zürich, Blumenfeldstrasse",8591090,47.42414799999875,8.503978000000059,Bus,140.9016393442623,0.33971900070665517
"Zürich, Bocklerstrasse",8591091,47.402606999999996,8.567340000000025,Bus,6.0,0.44551282051282054
"Zürich, Bollingerweg",8591092,47.41428699999964,8.537904000000035,Bus,392.72131147540983,0.30079829110141637
"Zürich, Botanischer Garten",8591094,47.35934200000134,8.557833000000075,Bus,406.9672131147541,0.27647986102002053
"Zürich, Brandschenkestrasse",8591095,47.36937000000025,8.533628000000029,Bus,65.1590909090909,0.2513635450344312
"Zürich, Bristenstrasse",8591097,47.39007699999835,8.487058000000063,Bus,652.8688524590164,0.30581897883998316
"Zürich, Brunau/Mutschellenstr.",8591098,47.3551469999994,8.527140999999927,Bus,55.90163934426229,0.24772530860193206
"Zürich, Brunaustrasse",8591100,47.35613400000099,8.53221800000014,Tram,293.655737704918,0.30760158361683265
"Zürich, Bucheggplatz",8591101,47.39840999999801,8.533283999999977,"Bus, Tram",2195.3934426229507,0.22939588290967033
"Zürich, Buchholz",8591102,47.36092799999939,8.588698999999924,Bus,24.295081967213115,0.21359649122807015
"Zürich, Buhnstrasse",8591103,47.42225599999957,8.538942999999742,Bus,438.4590163934426,0.3229394574100638
"Zürich, Burgwies",8591104,47.35801799999938,8.571863999999728,Tram,278.3606557377049,0.2080701684418832
"Zürich, Butzenstrasse",8591106,47.34140900000052,8.530313999999718,"Bus, Tram",1022.9672131147541,0.30518193940079885
"Zürich, Bäckeranlage",8591052,47.378331999996945,8.522873000000327,"Bus, Tram",1140.7868852459017,0.2099721912082435
"Zürich, Bändliweg",8591068,47.39635599999831,8.485008999999993,"Bus, Tram",810.311475409836,0.2676392472877828
"Zürich, Börsenstrasse",8591093,47.368170000001065,8.539747000000041,Tram,1093.3934426229507,0.24883596485338572
"Zürich, Bürkliplatz",8591105,47.366823999998005,8.540340999999904,"Bus, Tram",2866.8852459016393,0.2647849629489668
"Zürich, Carl-Spitteler-Strasse",8591107,47.35832300000035,8.586590999999961,Bus,605.7377049180328,0.3641526500818995
"Zürich, Central",8588078,47.37684599999926,8.543937999999894,"Bus, Tram",4173.049180327869,0.2189387624741771
"Zürich, Chaletweg",8591108,47.41337000000053,8.531219000000249,Bus,288.2295081967213,0.2747368750969536
"Zürich, Chinagarten",8591109,47.354513999999185,8.552953000000166,Bus,105.27868852459017,0.15066944825009337
"Zürich, Dammweg",8591110,47.388489999999,8.526390999999926,"Bus, Tram",833.327868852459,0.27297688629309425
"Zürich, Dangelstrasse",8591111,47.33454799999931,8.529975000000023,Bus,141.65573770491804,0.2063238995304213
"Zürich, Dorflinde",8591112,47.40743700000115,8.548799999999945,Bus,271.1803278688525,0.312249146424222
"Zürich, Dreispitz",8591113,47.410794000001104,8.56716899999993,Bus,266.0327868852459,0.2903267431957803
"Zürich, Dreiwiesen",8591114,47.378822999999244,8.57564300000009,Bus,85.50819672131148,0.3885831324967449
"Zürich, Drusbergstrasse",8591115,47.36034199999995,8.578836999999801,Bus,274.0655737704918,0.40708853992515065
"Zürich, Dunkelhölzli",8591116,47.3888900000005,8.470053999999964,Bus,267.672131147541,0.254257979769112
"Zürich, EPI-Klinik",8591120,47.348647999999365,8.570659000000113,Bus,131.50819672131146,0.3538144841269845
"Zürich, ETH Hönggerberg",8591122,47.408679000000106,8.507709999999895,Bus,457.6885245901639,0.2875451889767015
"Zürich, ETH/Universitätsspital",8591123,47.37668200000041,8.548887999999904,Tram,812.2786885245902,0.22779922144683862
"Zürich, Einfangstrasse",8591118,47.415699999999326,8.512925999999998,Bus,578.8196721311475,0.2933493591944361
"Zürich, Elektrowatt",8576194,47.35779699999902,8.550228000000052,Bus,78.98360655737704,0.23562295013907894
"Zürich, Englischviertelstrasse",8591119,47.36673300000097,8.558172999999966,Tram,272.88524590163934,0.3489950511207401
"Zürich, Escher-Wyss-Platz",8580522,47.39079499999939,8.52239799999998,"Bus, Tram",2424.6721311475408,0.2500375820153443
"Zürich, Eschergutweg",8591121,47.396269999999056,8.512043999999827,Tram,279.42622950819674,0.2335426791433887
"Zürich, Ettenfeld",8591124,47.4254609999993,8.553628999999999,Bus,223.52459016393442,0.40583803163775056
"Zürich, Farbhof",8590318,47.39112899999905,8.479171000000104,"Bus, Tram",1338.032786885246,0.29258312810739506
"Zürich, Feldeggstrasse",8576197,47.360513999999974,8.552058999999756,"Bus, Tram",1003.1311475409836,0.23537637399311015
"Zürich, Fellenbergstrasse",8591126,47.37571799999885,8.48841700000021,"Bus, Tram",943.360655737705,0.22294793837912188
"Zürich, Felsenrainstrasse",8591127,47.41678899999864,8.545297000000287,"Bus, Tram",1002.9180327868852,0.3138386271896117
"Zürich, Fernsehstudio",8591128,47.418177999999905,8.561745999999948,Tram,436.0163934426229,0.19455671464920238
"Zürich, Feusisbergli",8591130,47.39536699999958,8.47102699999983,Bus,111.91803278688525,0.33953958003138324
"Zürich, Fischerweg",8591131,47.39357100000042,8.512123000000257,Tram,275.2295081967213,0.261582736321757
"Zürich, Flurstrasse",8591134,47.38132600000076,8.491944999999898,Bus,279.8688524590164,0.2592123482163323
"Zürich, Flühgasse",8591133,47.350459000000704,8.569478999999822,Bus,131.50819672131146,0.3584241651205937
"Zürich, Frankental",8591136,47.40569899999868,8.481375999999797,"Bus, Tram",802.5901639344262,0.2682048361155224
"Zürich, Freiestrasse",8591137,47.362801000000964,8.562975999999946,Bus,270.08620689655174,0.2873318705349064
"Zürich, Freihofstrasse",8591138,47.38322799999918,8.499372000000179,Tram,279.1803278688525,0.2605887123193507
"Zürich, Friedackerstrasse",8591140,47.40593700000121,8.553194000000067,Bus,271.26229508196724,0.27336755246675754
"Zürich, Friedhof Eichbühl",8591141,47.38287699999958,8.474532999999878,Bus,26.19672131147541,0.25330349531116797
"Zürich, Friedhof Enzenbühl",8591142,47.35097300000042,8.580277999999998,Tram,278.3114754098361,0.20498301115060938
"Zürich, Friedhof Hönggerberg",8591143,47.40893800000035,8.494133999999823,Bus,55.131147540983605,0.2569665907365224
"Zürich, Friedhof Schwandenholz",8591144,47.42134999999915,8.5377580000002,Bus,165.91803278688525,0.29874199213879343
"Zürich, Friedhof Sihlfeld",8591145,47.37593399999978,8.510893000000003,Bus,8.721311475409836,0.18895348837209303
"Zürich, Friedhof Uetliberg",8591146,47.35870500000005,8.500605000000006,Bus,67.2,0.2896825396825397
"Zürich, Friedhof Witikon",8591147,47.36134399999908,8.602820000000056,Bus,286.3606557377049,0.3091841733323972
"Zürich, Friedrichstrasse",8591148,47.40393900000139,8.569063999999925,Bus,276.3114754098361,0.22689680832516226
"Zürich, Friesenberg",8591149,47.36428500000125,8.507997999999851,Bus,288.78688524590166,0.22757178908328413
"Zürich, Friesenberghalde",8591150,47.36111699999997,8.502401000000003,Bus,67.2,0.26666666666666666
"Zürich, Friesenbergstrasse",8591151,47.36206300000039,8.505094000000087,Bus,512.1803278688525,0.26000400989670636
"Zürich, Frohburg",8591152,47.40423600000055,8.562617999999938,Bus,271.27868852459017,0.25549884326907263
"Zürich, Fronwald",8591153,47.421961,8.510044000000011,Bus,142.5737704918033,0.388052037126111
"Zürich, Frymannstrasse",8591154,47.33513600000102,8.51915000000007,Bus,230.62295081967213,0.39888912913006785
"Zürich, Fröhlichstrasse",8576199,47.35516900000141,8.556898000000006,"Bus, Tram",1795.672131147541,0.23783004038507696
"Zürich, Förrlibuckstrasse",8591135,47.392210999998966,8.517154999999718,Tram,275.1475409836066,0.25058599309985086
"Zürich, Geeringstrasse",8591155,47.41444200000073,8.480433999999864,Bus,401.72131147540983,0.25396888912402166
"Zürich, Giblenstrasse",8591158,47.41073100000151,8.485953999999902,Bus,298.27868852459017,0.27725580492614094
"Zürich, Glattwiesen",8591159,47.40160099999934,8.581759999999834,Tram,278.5245901639344,0.2240843551876505
"Zürich, Glaubtenstrasse",8591160,47.41409299999952,8.51933399999998,Bus,848.2131147540983,0.3012356456058453
"Zürich, Glaubtenstrasse Nord",8595899,47.41474700000092,8.519652000000171,Bus,290.62295081967216,0.27649351732030747
"Zürich, Glaubtenstrasse Süd",8591161,47.41365899999957,8.51868900000027,Bus,143.45901639344262,0.3124447765304439
"Zürich, Glockenacker",8591162,47.36097500000127,8.599303999999943,Bus,286.9016393442623,0.37343601602148585
"Zürich, Goldackerweg",8591163,47.37189000000058,8.48793099999981,Bus,283.0655737704918,0.26704097075438804
"Zürich, Goldbrunnenplatz",8502572,47.370292999999954,8.513918000000283,"Bus, Tram",2104.590163934426,0.2645212287732376
"Zürich, Grimselstrasse",8591165,47.38696399999919,8.49008200000012,Tram,279.21311475409834,0.24817145548021216
"Zürich, Grubenstrasse",8591083,47.36283900000071,8.511676000000067,Bus,79.13461538461539,0.27884359368230305
"Zürich, Grünaustrasse",8591167,47.39522999999799,8.489212000000316,"Bus, Tram",898.0655737704918,0.3005180109431882
"Zürich, Guggachstrasse",8591168,47.39570899999875,8.540143000000128,Tram,542.016393442623,0.2700689246677433
"Zürich, Gutstrasse",8591170,47.372002999998806,8.506086999999889,Bus,194.85245901639345,0.29068247171176714
"Zürich, Güterbahnhof",8591169,47.38031100000074,8.519973999999975,"Bus, Tram",1140.3934426229507,0.21764059558064158
"Zürich, Haldenbach",8591173,47.38029400000075,8.54838000000014,Tram,546.6065573770492,0.24700881590021653
"Zürich, Haldenegg",8591174,47.3796470000011,8.54451300000009,Tram,1061.8852459016393,0.22738013075128408
"Zürich, Hallenbad Oerlikon",8591175,47.41070600000074,8.555863999999938,Bus,408.11475409836066,0.2614884838131543
"Zürich, Hardhof",8591176,47.396351000001054,8.49747399999983,Tram,276.3833333333333,0.22904323636534726
"Zürich, Hardplatz",8591177,47.38234100000111,8.514532000000006,"Bus, Tram",1586.2459016393443,0.26444721721483183
"Zürich, Hardturm",8591178,47.394162999999146,8.504504000000273,Tram,275.27868852459017,0.25574776323044146
"Zürich, Hedwigsteig",8591180,47.360423999999085,8.56503100000008,Tram,278.40983606557376,0.2201031763211602
"Zürich, Heerenwiesen",8591181,47.40471300000147,8.576327999999897,Tram,275.59016393442624,0.26563621390380576
"Zürich, Hegianwandweg",8591182,47.356331000001,8.510221000000275,Bus,508.1639344262295,0.24551611483850821
"Zürich, Hegibachplatz",8530812,47.36169000000191,8.560623000000097,"Bus, Tram",1527.8360655737704,0.24661676602903757
"Zürich, Heizenholz",8576241,47.41229600000066,8.483904000000042,Bus,350.3606557377049,0.2621872389950408
"Zürich, Helmhaus",8591183,47.37006999999914,8.543295000000025,Tram,570.1311475409836,0.2787811030672426
"Zürich, Helvetiaplatz",8591184,47.37635700000081,8.52536200000024,"Bus, Tram",1104.4918032786886,0.23454265010124967
"Zürich, Herbstweg",8591185,47.40853100000056,8.564962000000207,Bus,142.0983606557377,0.29369844832807784
"Zürich, Herdernstrasse",8591186,47.384828000000596,8.509164999999985,Bus,301.344262295082,0.27936530452797215
"Zürich, Hertensteinstrasse",8591187,47.42287799999948,8.543488999999848,Bus,165.91803278688525,0.29512882867352297
"Zürich, Herzogenmühlestrasse",8591188,47.40752800000132,8.572704999999956,Bus,241.80327868852459,0.31451497519127597
"Zürich, Heuried",8591190,47.36940999999944,8.506353000000086,Tram,446.78688524590166,0.2650564381567909
"Zürich, Himmeri",8591191,47.41987499999963,8.538655000000146,Bus,272.5081967213115,0.3133626645282421
"Zürich, Hinterbergstrasse",8591192,47.379614999999575,8.555279000000118,Bus,138.62295081967213,0.292489669076452
"Zürich, Hirschwiesenstrasse",8591193,47.399997000000404,8.543213000000158,Tram,528.9508196721312,0.27297556672546525
"Zürich, Hirzenbach",8591194,47.403252999998806,8.591162999999854,Tram,137.85245901639345,0.23680098640939568
"Zürich, Hofstrasse",8591196,47.37336599999982,8.561557000000187,Bus,272.27868852459017,0.29802395582957747
"Zürich, Hohenklingensteig",8591197,47.40134599999916,8.490207000000057,Bus,541.2131147540983,0.3126621895663832
"Zürich, Holzerhurd",8591200,47.42380199999918,8.496615000000018,Bus,147.9016393442623,0.24982004998479465
"Zürich, Hottingerplatz",8591202,47.36946799999893,8.554404000000268,"Bus, Tram",504.11475409836066,0.26065211520931647
"Zürich, Hubertus",8591203,47.37687599999816,8.499470999999533,"Bus, Tram",1664.0,0.26877357905802407
"Zürich, Hungerbergstrasse",8576263,47.42136700000097,8.501310999999989,Bus,295.57377049180326,0.1836709731300499
"Zürich, Höfliweg",8591195,47.3679449999997,8.51103700000017,Bus,288.7704918032787,0.2432831233241347
"Zürich, Hölderlinsteig",8591198,47.366998999999595,8.565037000000158,Bus,272.3114754098361,0.2850065183167278
"Zürich, Hölderlinstrasse",8591199,47.365760000000485,8.563012,"Bus, Tram",773.2622950819672,0.32287106806816596
"Zürich, Hönggerberg",8591201,47.40493699999944,8.504732999999897,Bus,558.8688524590164,0.2645476284165572
"Zürich, Höschgasse",8576198,47.35799200000144,8.554204000000025,"Bus, Tram",1795.5409836065573,0.22973500878673833
"Zürich, Hügelstrasse",8591204,47.35854000000036,8.526998000000022,Bus,55.90163934426229,0.29608826358826373
"Zürich, Hürlimannplatz",8591205,47.36506599999999,8.526535999999961,Bus,65.22727272727273,0.393536175498201
"Zürich, Hürstholz",8591206,47.41688499999921,8.522863000000104,Bus,165.88524590163934,0.3762657048978058
"Zürich, Im Ebnet",8591207,47.431239999999654,8.543861000000094,Bus,78.63934426229508,0.5115660573993907
"Zürich, Im Gut",8591208,47.37361100000103,8.503364999999942,Bus,414.73770491803276,0.28872822925444774
"Zürich, Im Hagacker",8591209,47.359269000000396,8.507711999999989,Bus,508.08196721311475,0.24773783450647455
"Zürich, Im Hüsli",8591210,47.32823400000042,8.512699999999988,Bus,232.5737704918033,0.5084030032753262
"Zürich, Im Walder",8591212,47.34811700000084,8.574366000000007,Bus,65.75409836065573,0.45456845238095184
"Zürich, Im Wingert",8591213,47.40142699999901,8.50883600000016,Bus,266.1475409836066,0.29145704104953707
"Zürich, In der Ey",8591214,47.36923899999969,8.491626000000185,Bus,559.4590163934427,0.22672557927535955
"Zürich, Juchhof",8591215,47.398435999999904,8.47487499999994,Bus,52.38461538461539,0.39191374663072776
"Zürich, Jugendherberge",8591216,47.348003999999705,8.52821299999997,Bus,55.85245901639344,0.24555296102498894
"Zürich, Kalchbühlweg",8591217,47.341814999999805,8.531050999999943,Bus,159.1639344262295,0.42272935090148883
"Zürich, Kanonengasse",8591219,47.37846900000112,8.530305000000183,Bus,295.0655737704918,0.26428167199512936
"Zürich, Kantonsschule",8591220,47.372716999998886,8.550526000000183,Tram,532.2622950819672,0.23124187328429757
"Zürich, Kapfstrasse",8591221,47.361154999999094,8.571201999999856,Bus,273.9836065573771,0.3787921636418649
"Zürich, Kappeli",8591222,47.38535500000187,8.49492500000015,"Bus, Tram",1115.4918032786886,0.23967138769269783
"Zürich, Kappenbühlweg",8591223,47.402964000000615,8.498241999999866,Bus,55.131147540983605,0.27046750285062715
"Zürich, Kempfhofsteig",8591226,47.39730499999908,8.510024999999764,Bus,297.78688524590166,0.3606405733594367
"Zürich, Kernstrasse",8591227,47.374504999999786,8.524265000000012,Bus,288.5409836065574,0.27933370939065205
"Zürich, Kienastenwies",8591228,47.355153999999075,8.601162999999937,Bus,135.14754098360655,0.3471963991527417
"Zürich, Kinkelstrasse",8591229,47.38888600000054,8.546334000000027,Tram,546.5409836065573,0.2580334348504897
"Zürich, Kirche Fluntern",8591230,47.37659899999879,8.560235000000477,"Bus, Tram",1469.639344262295,0.23510889410720004
"Zürich, Klosbach",8591231,47.370029999998735,8.564148000000023,Bus,272.2295081967213,0.2929277086331896
"Zürich, Klusplatz",8591233,47.364035000002104,8.56649699999982,"Bus, Tram",1881.5409836065573,0.28570776321520325
"Zürich, Krematorium Nordheim",8591235,47.40559200000059,8.528025999999958,Bus,125.91803278688525,0.37025408726439657
"Zürich, Krematorium Sihlfeld",8591236,47.37780600000093,8.50787199999974,"Bus, Tram",1232.360655737705,0.26241210732317344
"Zürich, Kreuzplatz",8530813,47.364874999999365,8.554083000000134,"Bus, Tram",1678.0655737704917,0.25253784962527953
"Zürich, Kreuzstrasse",8576196,47.363389999998944,8.549471000000176,"Bus, Tram",1003.0655737704918,0.24564286761703688
"Zürich, Kronenstrasse",8591237,47.38795599999908,8.5391220000001,Tram,551.5245901639345,0.21959452164169402
"Zürich, Kunsthaus",8591239,47.37043700000185,8.549140999999766,"Bus, Tram",2651.8688524590166,0.233898184663992
"Zürich, Käshaldenstrasse",8591224,47.430017999999244,8.540906000000135,Bus,272.5245901639344,0.3187609977829943
"Zürich, Köschenrüti",8591234,47.42938100000123,8.536942999999864,Bus,272.5245901639344,0.30093696769269174
"Zürich, Landiwiese",8591241,47.35098699999963,8.534230000000006,Bus,178.9344262295082,0.33749704859953733
"Zürich, Langgrütstrasse",8591243,47.37374000000104,8.501064000000039,Bus,194.9016393442623,0.29784649315538936
"Zürich, Langmauerstrasse",8591244,47.393541999999464,8.544787999999892,Tram,546.5573770491803,0.26526936388832467
"Zürich, Laubegg",8591245,47.35873199999746,8.517087000000151,"Bus, Tram",1274.639344262295,0.2450594548504489
"Zürich, Laubiweg",8591246,47.39499000000057,8.536340000000022,Tram,539.0327868852459,0.2291164507641993
"Zürich, Lehenstrasse",8591247,47.39623099999922,8.520151000000048,Bus,302.88524590163934,0.3318416293711511
"Zürich, Leimgrübelstrasse",8591248,47.42869999999879,8.544246000000022,Bus,272.5245901639344,0.3367893469587659
"Zürich, Lerchenhalde",8591249,47.411635999999035,8.509876000000068,Bus,350.44262295081967,0.2626279764136721
"Zürich, Lerchenrain",8591250,47.41429300000104,8.509492000000034,Bus,62.32786885245902,0.2809270025839793
"Zürich, Lettenstrasse",8591251,47.39057100000148,8.532739000000175,Bus,299.4590163934426,0.352951501211359
"Zürich, Letzigrund",8591252,47.381236000000705,8.50372900000002,Tram,279.9836065573771,0.2752383493417244
"Zürich, Letzipark",8591253,47.387772000000375,8.49921100000015,Bus,285.8360655737705,0.3064866341545703
"Zürich, Letzipark West",8591254,47.386365999999235,8.496467999999961,Bus,279.6885245901639,0.28000289467625084
"Zürich, Letzistrasse",8591255,47.390683999999624,8.545496999999832,Tram,546.6065573770492,0.2595934608285199
"Zürich, Leutschenbach",8591256,47.41464499999888,8.55130900000024,Tram,526.0,0.22647820364394855
"Zürich, Limmatplatz",8591257,47.38460000000177,8.53162299999997,"Bus, Tram",2221.3934426229507,0.27453276367275686
"Zürich, Lindenplatz",8591258,47.38781899999899,8.486113000000085,"Bus, Tram",1659.1147540983607,0.2701818667415162
"Zürich, Lochergut",8591259,47.375347000000694,8.517912999999814,Tram,555.8852459016393,0.258728659184563
"Zürich, Loogarten",8591260,47.38942699999993,8.47232900000012,Bus,111.91803278688525,0.3307432205100598
"Zürich, Loorenstrasse",8591261,47.359862999999386,8.594526999999935,Bus,557.2459016393443,0.3397643652784878
"Zürich, Luchswiesen",8591263,47.406877000001046,8.585875000000373,"Bus, Tram",911.8852459016393,0.2545152576960053
"Zürich, Luegisland",8591264,47.40601299999982,8.581390999999854,Tram,275.5409836065574,0.24366872291072442
"Zürich, Luggwegstrasse",8591265,47.38943299999859,8.493575000000249,Bus,314.26229508196724,0.29923376731952467
"Zürich, Lägernstrasse",8591240,47.3956600000004,8.53204900000001,Bus,280.3114754098361,0.3264421359542522
"Zürich, Löwenplatz",8591262,47.37589199999739,8.537416999999637,"Bus, Tram",1710.7377049180327,0.2623107742326995
"Zürich, Maienweg",8591266,47.407848000000634,8.52638899999993,Bus,125.91803278688525,0.3978512167311789
"Zürich, Maillartstrasse",8591267,47.41620400000054,8.532099000000015,Bus,59.60655737704918,0.2823232323232323
"Zürich, Manegg",8591268,47.33696900000152,8.520351999999727,Bus,228.62295081967213,0.27729919609038195
"Zürich, Manesseplatz",8591269,47.3654450000007,8.521631999999958,Bus,143.45901639344262,0.32754034780578906
"Zürich, Marbachweg",8591270,47.33034999999861,8.515375000000141,Bus,232.5737704918033,0.4550740502861583
"Zürich, Mattenhof",8591271,47.398640999999785,8.590917000000072,Tram,278.344262295082,0.20240497691924852
"Zürich, Max-Bill-Platz",8591272,47.414047999999134,8.541331000000193,Bus,678.0327868852459,0.29070091944115767
"Zürich, Meierhofplatz",8576240,47.40200899999846,8.499374999999706,"Bus, Tram",1831.8688524590164,0.26716984734480675
"Zürich, Messe/Hallenstadion",8591273,47.41069299999876,8.550683000000166,"Bus, Tram",1367.4754098360656,0.2340531792801067
"Zürich, Micafil",8591274,47.39288500000074,8.47488700000017,Bus,281.26229508196724,0.2958017915305489
"Zürich, Michelstrasse",8591275,47.4063250000007,8.495605000000056,Bus,55.131147540983605,0.26676168757126567
"Zürich, Milchbuck",8591276,47.39749099999906,8.541929000000103,"Bus, Tram",2446.409836065574,0.26576291226310533
"Zürich, Militär-/Langstrasse",8591277,47.379600000000195,8.527626999999999,Bus,581.4754098360655,0.27528177801020093
"Zürich, Mittelleimbach",8591278,47.32313699999951,8.514291000000046,Bus,116.29508196721312,0.36998215266337214
"Zürich, Morgental",8591279,47.343947000001,8.530140999999608,"Bus, Tram",1029.0983606557377,0.2685605644577128
"Zürich, Museum Rietberg",8591283,47.360718999998646,8.531557000000111,Tram,293.55737704918033,0.282534319760294
"Zürich, Museum für Gestaltung",8591282,47.38212200000123,8.534936000000014,"Bus, Tram",833.3770491803278,0.2707805268083918
"Zürich, Mötteliweg",8591280,47.41395500000164,8.526460999999998,Bus,288.1639344262295,0.2789464820052443
"Zürich, Mühlacker",8591281,47.42563299999932,8.49800300000003,Bus,70.04918032786885,0.24757001647446417
"Zürich, Neeserweg",8591284,47.3909239999995,8.473974000000213,Bus,111.91803278688525,0.3661993471009862
"Zürich, Neuaffoltern",8591285,47.41184500000078,8.5250259999999,Bus,577.9344262295082,0.33627218647595386
"Zürich, Neubühl",8591286,47.33292700000098,8.534944000000133,Bus,79.70491803278688,0.4065882874889084
"Zürich, Neumarkt",8591287,47.372774000002174,8.54735000000041,"Bus, Tram",1137.672131147541,0.2733967325517345
"Zürich, Neunbrunnen",8591289,47.41670400000099,8.53820599999994,Bus,392.72131147540983,0.2739205404458204
"Zürich, Nordheimstrasse",8591290,47.40357599999921,8.53107199999992,Bus,125.91803278688525,0.36530697252346733
"Zürich, Nordstrasse",8591291,47.388326000000205,8.536163000000085,Bus,428.91803278688525,0.3220009276242201
"Zürich, Nürenbergstrasse",8591292,47.392255999999314,8.533435999999854,Bus,277.0163934426229,0.2717359305860247
"Zürich, Oberwiesenstrasse",8591293,47.41047699999928,8.532816000000112,Bus,282.4754098360656,0.35716735441109276
"Zürich, Oerlikerhus",8591294,47.41758500000102,8.554206000000063,Tram,525.9672131147541,0.2315554132445677
"Zürich, Okenstrasse",8591296,47.388012000001105,8.534143000000084,Bus,149.7704918032787,0.2314618679652315
"Zürich, Opernhaus",8576195,47.36541399999988,8.547646999999708,"Bus, Tram",1282.327868852459,0.2044680233499561
"Zürich, Orionstrasse",8591297,47.41672200000112,8.566168000000083,Bus,95.27868852459017,0.45125541125541146
"Zürich, Ottikerstrasse",8591298,47.38519000000074,8.542416000000095,Tram,535.344262295082,0.2367814092094913
"Zürich, Paradeplatz",8591299,47.36936599999938,8.538764999999914,Tram,1848.655737704918,0.2455995564230549
"Zürich, Pflegezentr. Käferberg",8591302,47.39965400000061,8.517703000000072,Bus,330.39344262295083,0.33364428989831985
"Zürich, Platte",8591303,47.375008000001024,8.552639999999917,Tram,541.4098360655738,0.1858244800279439
"Zürich, Post Wollishofen",8591304,47.34446900000134,8.532957999999823,Tram,293.2295081967213,0.28770644711335563
"Zürich, Probstei",8591305,47.400221999998635,8.586592999999995,Tram,278.4918032786885,0.21783179184473037
"Zürich, Quellenstrasse",8591306,47.38674100000068,8.52875300000003,"Bus, Tram",833.4590163934427,0.25447078667862166
"Zürich, Radiostudio",8591307,47.4019810000019,8.535185999999952,"Bus, Tram",1287.4262295081967,0.25125293098334794
"Zürich, Rathaus",8591309,47.37173800000114,8.542878999999996,Tram,570.2459016393443,0.28653757536505725
"Zürich, Rautihalde",8591310,47.38617299999934,8.474107000000002,Bus,421.0327868852459,0.31557993553416974
"Zürich, Rautistrasse",8591311,47.38334900000142,8.48409100000013,Bus,652.0,0.28411210735169357
"Zürich, Rebbergsteig",8591312,47.39689999999976,8.514972000000135,Bus,297.7704918032787,0.34197757801832396
"Zürich, Regensbergbrücke",8591314,47.40882300000189,8.539274999999531,"Bus, Tram",1136.327868852459,0.283679313110213
"Zürich, Rehalp",8591315,47.35102699999829,8.58297900000026,"Tram, Zug",341.75409836065575,0.18646938937262908
"Zürich, Rennweg",8591316,47.3730660000001,8.538457000000038,Tram,1032.1803278688524,0.23906410748399445
"Zürich, Rentenanstalt",8591317,47.36338399999764,8.535040999999543,"Bus, Tram",897.1147540983607,0.314583612575695
"Zürich, Riedgraben",8591319,47.41064599999867,8.559268999999976,Bus,408.08196721311475,0.2824063162689521
"Zürich, Riedhofstrasse",8591320,47.40992499999994,8.47957800000014,Bus,121.76923076923077,0.3231293545229458
"Zürich, Rosengartenstrasse",8591323,47.39432800000069,8.525464000000158,Bus,680.1967213114754,0.2795482270735602
"Zürich, Roswiesen",8591325,47.402952999999016,8.576979999999864,Tram,278.5245901639344,0.22379074322119874
"Zürich, Rotbuchstrasse",8591326,47.39127700000079,8.53611799999999,Bus,557.344262295082,0.28083701797814864
"Zürich, Rote Fabrik",8587347,47.34273099999908,8.536018999999934,Bus,178.9344262295082,0.29086505608961505
"Zürich, Rudolf-Brun-Brücke",8591327,47.3743519999993,8.543238000000157,Tram,570.1803278688525,0.28765428919207586
"Zürich, Räffelstrasse",8591308,47.362747999999605,8.51466600000003,Bus,158.21153846153845,0.3448311276537083
"Zürich, Römerhof",8503083,47.36808900000136,8.560281000000028,"Bus, Tram",775.8196721311475,0.28966026527032557
"Zürich, Röntgenstrasse",8591322,47.3819329999989,8.52926400000002,Bus,280.27868852459017,0.28972645685075227
"Zürich, Röslistrasse",8591324,47.38866199999922,8.540501000000036,Tram,535.2295081967213,0.25099727200650096
"Zürich, Rütihof",8591328,47.41345300000064,8.477313999999888,Bus,148.78688524590163,0.23608435656417526
"Zürich, SBB-Werkstätte",8591334,47.386564000000334,8.503371999999843,Bus,284.9344262295082,0.28866020503838175
"Zürich, Saalsporthalle",8591329,47.35786400000168,8.520404999999643,"Bus, Tram",1476.967213114754,0.2471290543794398
"Zürich, Saatlenstrasse",8591330,47.41080900000075,8.562862999999902,Bus,408.0655737704918,0.2894371237687842
"Zürich, Sackzelg",8591331,47.37438500000086,8.495514999999974,Bus,471.5409836065574,0.23947774371962077
"Zürich, Salersteig",8591332,47.406082000000936,8.548479999999994,"Bus, Tram",526.344262295082,0.27520752486674177
"Zürich, Salzweg",8591333,47.387705000000636,8.471766000000022,Bus,420.9836065573771,0.2531651707306223
"Zürich, Schaffhauserplatz",8591335,47.391629999998514,8.53870800000004,"Bus, Tram",2715.6721311475408,0.24046605497284734
"Zürich, Schauenberg",8591338,47.41619699999914,8.506932999999897,Bus,62.32786885245902,0.2309754521963824
"Zürich, Schaufelbergerstrasse",8580912,47.3689029999984,8.501840999999986,"Bus, Tram",1146.704918032787,0.2716700552266775
"Zürich, Scheuchzerstrasse",8591339,47.38779000000057,8.54423200000015,Bus,276.9836065573771,0.24061626455686116
"Zürich, Schiffbau",8594239,47.3875750000006,8.519445000000356,"Bus, Tram",1315.7704918032787,0.2990899002204621
"Zürich, Schlyfi",8591340,47.36259199999927,8.574144999999978,Bus,274.0655737704918,0.4182065737898412
"Zürich, Schmiede Wiedikon",8591341,47.37015299999932,8.519263999999826,"Bus, Tram",1814.0983606557377,0.2964907456782747
"Zürich, Schulhaus Altweg",8591344,47.372274000000786,8.494201999999895,Bus,276.42622950819674,0.23091444009295578
"Zürich, Schulhaus Buchlern",8591345,47.38459300000084,8.477772000000144,Bus,421.0983606557377,0.3218654892447504
"Zürich, Schumacherweg",8591346,47.41209399999945,8.514788000000237,Bus,288.672131147541,0.27826602891306434
"Zürich, Schwamendingerplatz",8591349,47.404590000001676,8.571502999999552,"Bus, Tram",1778.1147540983607,0.26210030225236297
"Zürich, Schwandenholz",8591350,47.42385800000038,8.520685999999879,Bus,142.59016393442624,0.18367389355043634
"Zürich, Schweighof",8591351,47.364775000000236,8.502698999999987,Bus,220.68852459016392,0.3148620618903946
"Zürich, Schweizer Rück",8591352,47.35988000000144,8.535511000000039,Bus,178.9344262295082,0.41391788303934934
"Zürich, Schwert",8591353,47.39973000000134,8.504615999999775,"Bus, Tram",1264.4918032786886,0.28768191671297133
"Zürich, Schönauring",8591342,47.426129999999844,8.536346000000092,Bus,272.5245901639344,0.29875494541033676
"Zürich, Schörlistrasse",8591343,47.40594199999917,8.563872999999822,Tram,553.8524590163935,0.2519133368889906
"Zürich, Schürgistrasse",8591347,47.4088370000009,8.57959699999993,Bus,122.54098360655738,0.27972598657381254
"Zürich, Schützenhaus Höngg",8591348,47.40972999999955,8.497051000000091,Bus,27.540983606557376,0.26265220700152203
"Zürich, Seebach",8591354,47.421864000002515,8.549777000000155,"Bus, Tram",1514.377049180328,0.2821630122043674
"Zürich, Seebacherplatz",8591355,47.41986300000183,8.548370000000341,"Bus, Tram",1607.2131147540983,0.23404575750593606
"Zürich, Seerose",8591357,47.33891500000024,8.53813699999974,Bus,178.9344262295082,0.28820836439549
"Zürich, Segantinistrasse",8591358,47.40744699999936,8.489969999999987,Bus,297.7049180327869,0.28102873767863457
"Zürich, Segeten",8591360,47.355775999999956,8.592969000000048,Bus,48.49180327868852,0.349498746867168
"Zürich, Seidelhof",8591361,47.39180199999877,8.484350000000076,Bus,566.983606557377,0.28131477265095556
"Zürich, Seilbahn Rigiblick",8591362,47.385915999999334,8.54836499999987,"Bus, Tram",1646.016393442623,0.2523207645147699
"Zürich, Siemens",8591363,47.3785859999993,8.49449900000019,Tram,277.0,0.21941080527242288
"Zürich, Signaustrasse",8591364,47.363230000001856,8.55762300000033,"Bus, Tram",1139.27868852459,0.22562015348989461
"Zürich, Sihlcity",8591365,47.35797299999883,8.522261000000062,Bus,109.8360655737705,0.20281054011045588
"Zürich, Sihlcity Nord",8591366,47.36006099999949,8.523031000000177,"Bus, Tram",682.8688524590164,0.2336262998432325
"Zürich, Sihlpost / HB",8591367,47.37609299999913,8.534202999999577,"Bus, Tram",1716.9344262295083,0.2484775223306395
"Zürich, Sihlquai/HB",8591368,47.37987499999909,8.537605000000005,"Bus, Tram",833.2786885245902,0.23697007311095455
"Zürich, Sihlstrasse",8591369,47.372266999999155,8.53457399999979,"Bus, Tram",774.688524590164,0.23108726126032772
"Zürich, Sihlweidstrasse",8591370,47.32641699999865,8.514660999999935,Bus,232.55737704918033,0.4847444771044445
"Zürich, Singlistrasse",8591371,47.40511200000034,8.493488000000061,Bus,297.7704918032787,0.27284342421933194
"Zürich, Solidapark",8591372,47.38772500000034,8.488494999999887,Bus,55.42307692307692,0.2331578947368421
"Zürich, Sonneggstrasse",8591373,47.38283899999962,8.543691999999957,Tram,535.344262295082,0.2469876677846794
"Zürich, Sportweg",8591374,47.39173000000105,8.504999000000094,Tram,281.1475409836066,0.25513556956149797
"Zürich, Sprecherstrasse",8591375,47.36749199999917,8.552257999999847,Bus,292.04918032786884,0.23020268347816472
"Zürich, Spyriplatz",8591376,47.38205600000061,8.552218000000048,Bus,276.95081967213116,0.27326900012508737
"Zürich, Stadtgrenze",8591378,47.335041999999234,8.541471000000268,Bus,178.9344262295082,0.29510651077888045
"Zürich, Stampfenbachplatz",8591379,47.37996000000178,8.542810999999638,"Bus, Tram",1699.4098360655737,0.2238219108307037
"Zürich, Staudenbühl",8591380,47.420085999998854,8.535385999999768,Bus,165.91803278688525,0.4005961309084132
"Zürich, Stauffacher",8591381,47.37342399999912,8.529248999999876,Tram,1380.967213114754,0.29808856182224336
"Zürich, Sternen Oerlikon",8591382,47.41006999999883,8.546231000000196,"Bus, Tram",2993.934426229508,0.27526152194957615
"Zürich, Stierenried",8591383,47.41639399999987,8.533919000000171,Bus,120.18032786885246,0.3051801801801801
"Zürich, Stockerstrasse",8591384,47.36770200000115,8.535009999999778,Tram,1029.7704918032787,0.2627177374949838
"Zürich, Stodolastrasse",8591300,47.35690700000057,8.590557999999927,Bus,48.49180327868852,0.35158208020050125
"Zürich, Strassenverkehrsamt",8591385,47.35306999999823,8.511718000000192,"Bus, Tram",1359.7377049180327,0.21642938177257434
"Zürich, Sukkulentensammlung",8591387,47.35492700000029,8.534297000000114,Bus,178.9344262295082,0.3945852805865468
"Zürich, Sunnau",8591388,47.32708599999919,8.52961099999994,Bus,141.672131147541,0.4718034079447125
"Zürich, Susenbergstrasse",8591389,47.37853799999911,8.568008999999993,"Bus, Tram",295.0163934426229,0.2241282817018161
"Zürich, Sädlenweg",8573711,47.36822700000033,8.485157999999966,Bus,21.613636363636363,0.2511001100110011
"Zürich, Talwiesenstrasse",8591390,47.36994599999929,8.509647000000083,Tram,552.9180327868852,0.22684473825463358
"Zürich, Technopark",8591391,47.38878899999887,8.515654999999926,Tram,281.11475409836066,0.2867109272830897
"Zürich, Thujastrasse",8591392,47.350184999999534,8.527807000000056,Bus,55.885245901639344,0.275949902370357
"Zürich, Tierspital",8591393,47.40190299999961,8.551798000000248,Tram,553.5409836065573,0.23407072652217417
"Zürich, Tobelhof",8591396,47.383494000001,8.587198999999787,Bus,85.50819672131148,0.3842336352807555
"Zürich, Toblerplatz",8591397,47.37909000000138,8.559346999999873,"Bus, Tram",849.9344262295082,0.21841141589409396
"Zürich, Toni-Areal",8591398,47.390040999999165,8.510580999999917,Tram,281.0983606557377,0.2602953229757095
"Zürich, Trichtenhausenfussweg",8591399,47.35420000000081,8.598600000000046,Bus,48.49180327868852,0.3250990773422505
"Zürich, Trichtisal",8591400,47.35391399999952,8.601069999999934,Bus,48.49180327868852,0.1643058393708588
"Zürich, Triemli",8503610,47.36815199999864,8.495377999999706,"Bus, Tram",1169.9344262295083,0.2503363708442845
"Zürich, Triemlispital",8591401,47.36638600000087,8.496772999999896,Bus,116.55737704918033,0.2111156395332933
"Zürich, Tulpenstrasse",8591403,47.40596499999966,8.568881999999752,Bus,142.0327868852459,0.26588863354295456
"Zürich, Tunnelstrasse",8591404,47.36614199999934,8.532529000000059,Tram,777.5573770491803,0.24007129418983897
"Zürich, Tüffenwies",8591402,47.3979799999982,8.494339999999989,"Bus, Tram",1620.4754098360656,0.2738511565520889
"Zürich, Uetlihof",8591405,47.35673699999801,8.513962000000538,"Bus, Tram",1067.9180327868853,0.2482775265027847
"Zürich, Universität Irchel",8591406,47.39615900000165,8.544829000000234,Tram,526.655737704918,0.24373372364887697
"Zürich, Unteraffoltern",8591407,47.424588000001165,8.511846999999898,Bus,142.5737704918033,0.34964207032108224
"Zürich, Untermoosstrasse",8591408,47.379828999999354,8.483385999999916,Bus,477.9836065573771,0.26829364763854235
"Zürich, Verenastrasse",8591410,47.34082599999969,8.52537999999985,Bus,228.62295081967213,0.40158433686028416
"Zürich, Vogelsangstrasse",8591411,47.38354300000149,8.549069999999837,Bus,276.95081967213116,0.2821602963945638
"Zürich, Voltastrasse",8591412,47.376870000000046,8.554518999999928,Tram,541.4426229508197,0.1858584364194962
"Zürich, Vulkanstrasse",8591413,47.3943499999996,8.48408199999995,Bus,52.38461538461539,0.29162174303683736
"Zürich, Waffenplatz-/Bederstr.",8591414,47.361666000000405,8.526506000000067,Bus,28.491803278688526,0.2699934123847169
"Zürich, Waffenplatzstrasse",8591415,47.361483999998896,8.52574800000002,"Bus, Tram",899.655737704918,0.23667892391748802
"Zürich, Waidbadstrasse",8591416,47.39897300000105,8.51354299999984,Bus,330.3114754098361,0.3004793661562939
"Zürich, Waidfussweg",8591417,47.39549999999912,8.518400999999912,Tram,279.344262295082,0.21023690507648482
"Zürich, Waidhof",8591418,47.42394600000094,8.524783000000069,Bus,71.04918032786885,0.22063426688632606
"Zürich, Waidspital",8591419,47.39916600000093,8.521708000000173,Bus,302.91803278688525,0.31937294961931345
"Zürich, Waldgarten",8591420,47.40423000000009,8.557676000000273,"Bus, Tram",1649.1803278688524,0.24862674005899327
"Zürich, Wartau",8591423,47.40277299999823,8.491626999999713,"Bus, Tram",1124.0655737704917,0.24876768143230785
"Zürich, Waserstrasse",8591424,47.35873300000056,8.582442999999891,Bus,274.04918032786884,0.4076769915579405
"Zürich, Weihersteig",8591425,47.39778900000072,8.528514999999972,Bus,275.1803278688525,0.3345802937061824
"Zürich, Werd",8591427,47.37232200000095,8.526842999999813,Tram,559.8196721311475,0.30667176698943627
"Zürich, Werdhölzli",8591428,47.39783200000136,8.48201700000016,"Bus, Tram",322.60655737704917,0.32550263443668354
"Zürich, Wetlistrasse",8591429,47.36015500000058,8.568626000000178,"Tram, Zug",279.344262295082,0.21714334052068893
"Zürich, Widmerstrasse",8591430,47.336778999999254,8.532892999999786,Bus,229.91803278688525,0.3274275903419401
"Zürich, Wieslergasse",8591431,47.40406400000053,8.49595800000006,Bus,352.88524590163934,0.3050580010522638
"Zürich, Wiesliacher",8591432,47.355216000000304,8.596808999999894,Bus,48.49180327868852,0.305738745433154
"Zürich, Wildbachstrasse",8576200,47.35228200000297,8.559576999999992,"Bus, Tram",1789.8360655737704,0.20503972467075812
"Zürich, Winkelriedstrasse",8591433,47.383192000000754,8.548215000000068,Tram,546.6229508196722,0.25504185836788806
"Zürich, Winzerhalde",8591434,47.40005599999907,8.494566999999872,Bus,541.2295081967213,0.31204616251574363
"Zürich, Winzerstrasse",8591435,47.40376499999864,8.4863729999998,"Bus, Tram",839.5409836065573,0.24297577406889934
"Zürich, Winzerstrasse Süd",8591436,47.403371000000305,8.48612700000009,Bus,541.360655737705,0.2982990168980026
"Zürich, Wipkingerplatz",8591437,47.39259199999847,8.52357400000009,Tram,276.21311475409834,0.253854763606103
"Zürich, Witikon Zentrum",8591438,47.35918099999983,8.585245999999911,Bus,48.47540983606557,0.32118421052631585
"Zürich, Wollishofen",8591439,47.3384419999972,8.530160999999957,"Bus, Tram",434.9672131147541,0.20259352947462306
"Zürich, Wonnebergstrasse",8591440,47.35184599999947,8.56654399999997,Bus,131.50819672131146,0.42820771490414294
"Zürich, Würzgraben",8591896,47.39225799999987,8.492583999999797,Tram,280.9672131147541,0.1949317314383232
"Zürich, Zehntenhausplatz",8576262,47.41922299999909,8.506464000000047,Bus,641.344262295082,0.317135451748608
"Zürich, Zielweg",8591441,47.358821999999975,8.497589000000003,Bus,33.8,0.2111111111111111
"Zürich, Zoo",8591442,47.38157099999963,8.571556999999974,Tram,143.80327868852459,0.23636980011568137
"Zürich, Zoo/Forrenweid",8591443,47.38049899999938,8.578088999999967,Bus,85.50819672131148,0.38499335161638837
"Zürich, Zweiackerstrasse",8591445,47.35704899999888,8.597880999999832,Bus,270.327868852459,0.30961562860519065
"Zürich, Zwielplatz",8591446,47.40218600000254,8.496807999999891,"Bus, Tram",1126.2622950819673,0.25438174362588106
"Zürich, Zwinglihaus",8591447,47.37150600000117,8.515955000000075,Bus,297.40983606557376,0.26579459418737067
"Zürich, Zypressenstrasse",8591448,47.37668999999886,8.513768999999854,Tram,556.1967213114754,0.2630495465969564
"Zürich, Zürichbergstrasse",8591444,47.37872899999988,8.564107000000114,"Bus, Tram",294.327868852459,0.21349577735244277
"Zürich,Kalkbreite/Bhf.Wiedikon",8591218,47.37459799999815,8.521010000000302,"Bus, Tram",1679.8688524590164,0.28535078147666665
